n,groups,mae,rmse,corr,mae_sd,rmse_sd,corr_sd,target,split,window,est,method
446,11,20.683773388254398,28.0773147458864,-0.05982671816240739,2.5094880242903312,5.543156543529939,0.14845424964812862,ref_SBP,timeseries,0,ols,RTBP
455,11,19.494348318173795,24.730042114860417,0.1712325347897692,2.4356154543145925,2.3709835816121063,0.1989185249108036,ref_SBP,timeseries,0,ols,SinBP_M
444,11,19.2313658226909,24.725642246555548,0.21364755693644627,2.01323367287734,2.3467381201801483,0.20833173286002912,ref_SBP,timeseries,0,ols,SinBP_D_full
444,11,18.957361476430243,24.159716926114754,0.21590316293503542,2.080093910557659,2.45562903546573,0.18785006815137759,ref_SBP,timeseries,0,ols,SinBP_D_no_stiff
446,11,19.036003308301478,24.205533121489474,0.21301560013144555,2.0843127907882857,2.3895458990244625,0.19795175668902293,ref_SBP,timeseries,0,ols,SinBP_D_fit_only
462,11,18.92971171354956,23.763023174554956,0.21973968338171992,2.671792382343001,2.8971130499662765,0.16327475074642056,ref_SBP,timeseries,0,ols,SinBP_D_E_only
446,11,20.48920211596294,27.530684141575268,-0.059793896264373717,2.348721319671495,4.836345880749595,0.14728552705156797,ref_SBP,timeseries,0,ridge,RTBP
455,11,19.355482378420287,24.505668819126946,0.1714762667599289,2.414365809358939,2.430173641191665,0.19848748942622899,ref_SBP,timeseries,0,ridge,SinBP_M
444,11,18.87955061522286,24.015948669887585,0.22086102407109198,2.1534462980385394,2.5432849449796127,0.19352395918951384,ref_SBP,timeseries,0,ridge,SinBP_D_full
444,11,18.890175271124562,24.02655742862185,0.2197746397486143,2.1515741863600977,2.549606572806159,0.19475080357396127,ref_SBP,timeseries,0,ridge,SinBP_D_no_stiff
446,11,18.96658227180371,24.051839238389594,0.21779636937891417,2.205409227032935,2.5413995407500862,0.20802722312424263,ref_SBP,timeseries,0,ridge,SinBP_D_fit_only
462,11,18.991701608624034,23.760525984248304,0.21973968338171995,2.619814344569031,2.900667572651314,0.16327475074642056,ref_SBP,timeseries,0,ridge,SinBP_D_E_only
446,11,21.195411286682656,28.71757899437147,-0.05140074428574053,3.721089372458937,7.6547523217525795,0.2847925047579027,ref_SBP,timeseries,5,ols,RTBP
455,11,20.310884617848963,25.729590994830186,0.021804412159646503,2.9737203359909645,2.725771548742229,0.3096625518446176,ref_SBP,timeseries,5,ols,SinBP_M
444,11,19.78187372931413,24.762857501800287,0.1637108593337663,3.574905810331518,4.025564575891991,0.3199594740035692,ref_SBP,timeseries,5,ols,SinBP_D_full
444,11,19.620114744062196,24.495510056741953,0.14769906735338795,3.6075329484106917,4.068836048589439,0.301281995724066,ref_SBP,timeseries,5,ols,SinBP_D_no_stiff
446,11,19.41233146764838,24.264478649623825,0.16499316689905777,3.802892231877634,4.222903997262555,0.3362429619664837,ref_SBP,timeseries,5,ols,SinBP_D_fit_only
462,11,19.90330780821564,24.363738030438075,0.21797934197641525,2.9607411417333145,3.1672366550043822,0.19551863131233022,ref_SBP,timeseries,5,ols,SinBP_D_E_only
446,11,20.975364973069574,28.121327104571577,-0.05099885286190688,3.4641787644689743,6.844507772943725,0.2827920475569368,ref_SBP,timeseries,5,ridge,RTBP
455,11,20.233637721117542,25.528466883377497,0.021905923086512413,2.937096853282922,2.695736917401123,0.3077936481155256,ref_SBP,timeseries,5,ridge,SinBP_M
444,11,19.605090725697725,24.390711519049983,0.1535670431250792,3.6112501510229595,4.104492185667851,0.30925566938551385,ref_SBP,timeseries,5,ridge,SinBP_D_full
444,11,19.617316407163393,24.406284430469416,0.15142707479384784,3.621564908156773,4.120492763607875,0.3097097186308531,ref_SBP,timeseries,5,ridge,SinBP_D_no_stiff
446,11,19.395669378372823,24.164271868972175,0.17206515658624483,3.8727704298484746,4.348741241944459,0.3529225614761587,ref_SBP,timeseries,5,ridge,SinBP_D_fit_only
462,11,19.9472802588933,24.362368418769346,0.21797934197641516,2.9171385556814653,3.1590886162448544,0.1955186313123303,ref_SBP,timeseries,5,ridge,SinBP_D_E_only
446,11,21.36445719381594,28.37972263922284,-0.024735951717582055,3.998503597852815,7.250136284328773,0.34858963457977576,ref_SBP,timeseries,10,ols,RTBP
455,11,21.10772752809795,26.670717969538487,0.02837932587323788,2.518259471166577,2.7273704129677343,0.43567533873455444,ref_SBP,timeseries,10,ols,SinBP_M
444,11,19.73948885410909,24.802379002427692,0.21343623188442457,3.757153705547242,4.150160241541178,0.4286121642154995,ref_SBP,timeseries,10,ols,SinBP_D_full
444,11,20.028572144110562,24.793054884375064,0.1824713691376952,3.483776073513503,4.1738177158666705,0.42264653599439117,ref_SBP,timeseries,10,ols,SinBP_D_no_stiff
446,11,19.782390826958395,24.592967519242638,0.1878068175267655,3.8667015066902803,4.414928447526979,0.4483042157537683,ref_SBP,timeseries,10,ols,SinBP_D_fit_only
462,11,20.358929650611977,24.65803106920641,0.33416390006414687,2.219831382900422,2.4542287601582746,0.22392690655245553,ref_SBP,timeseries,10,ols,SinBP_D_E_only
446,11,21.168960373357482,27.816003463318292,-0.024021829920078352,3.768612885712821,6.559378877813038,0.34714404151781886,ref_SBP,timeseries,10,ridge,RTBP
455,11,21.0325487288097,26.439837123002217,0.03017852908960248,2.420404195345173,2.5919431515074893,0.4351854842035457,ref_SBP,timeseries,10,ridge,SinBP_M
444,11,20.014049019462995,24.676130715338005,0.18972024063031143,3.50125152230273,4.2343153062294085,0.4264692279720973,ref_SBP,timeseries,10,ridge,SinBP_D_full
444,11,20.020187687489926,24.68379191459659,0.19079440084233087,3.5175668724825453,4.249023325556435,0.4294846579227504,ref_SBP,timeseries,10,ridge,SinBP_D_no_stiff
446,11,19.750710093381723,24.46274106797017,0.20104890827099245,3.952351786879241,4.573608144843713,0.4629767733914741,ref_SBP,timeseries,10,ridge,SinBP_D_fit_only
462,11,20.42217233846914,24.71682700808789,0.3341639000641465,2.165266179738649,2.4137227500654515,0.22392690655245584,ref_SBP,timeseries,10,ridge,SinBP_D_E_only
446,11,21.910394054876214,29.910983282086754,-0.027272891180843355,3.707857527670036,8.893991307107076,0.3915165500482818,ref_SBP,timeseries,15,ols,RTBP
455,11,21.507061957578124,27.255308359523326,0.0484329856482099,2.713793866588962,2.616109157010539,0.4363104748931222,ref_SBP,timeseries,15,ols,SinBP_M
444,11,20.538063199104336,25.55970833897745,0.20850168838510244,3.674261480164663,4.038044406220415,0.46747413262112075,ref_SBP,timeseries,15,ols,SinBP_D_full
444,11,20.3434959902384,25.31026162775542,0.18583335130258094,3.734637249173752,4.141532729764419,0.46250163734131994,ref_SBP,timeseries,15,ols,SinBP_D_no_stiff
446,11,20.203141049585025,25.14534697050297,0.19762710338465123,4.0279961329789185,4.354818182975841,0.4887845141538767,ref_SBP,timeseries,15,ols,SinBP_D_fit_only
462,11,20.447064665156958,24.83854445031095,0.2680354712162556,3.003525495418755,2.83329154377322,0.23517298633471376,ref_SBP,timeseries,15,ols,SinBP_D_E_only
446,11,21.65806433177405,29.22168736526867,-0.026534914243623208,3.388480360495936,7.887123802724358,0.39023497317324307,ref_SBP,timeseries,15,ridge,RTBP
455,11,21.428687699182994,26.996492748749024,0.048003169036147,2.626858649063146,2.5218899784958317,0.4350386544683567,ref_SBP,timeseries,15,ridge,SinBP_M
444,11,20.341812188795647,25.19524038171127,0.19161366580097444,3.7057438902232005,4.180119456175528,0.465552097342348,ref_SBP,timeseries,15,ridge,SinBP_D_full
444,11,20.35368824269304,25.199790364846425,0.19335696905813649,3.718444064153339,4.197703158391524,0.4688231024109981,ref_SBP,timeseries,15,ridge,SinBP_D_no_stiff
446,11,20.20217905470117,25.009504952738112,0.21275716956416607,4.050456266493714,4.4854497118240415,0.5038367968869925,ref_SBP,timeseries,15,ridge,SinBP_D_fit_only
462,11,20.488096605764344,24.836274582341265,0.26803547121625526,2.9595581592456734,2.854135949173663,0.23517298633471395,ref_SBP,timeseries,15,ridge,SinBP_D_E_only
446,11,21.910142872816152,28.946957508296055,0.002109167247854754,4.548253168779623,7.823714769685981,0.3703003838073214,ref_SBP,timeseries,20,ols,RTBP
455,11,21.79475997562151,27.528345194276266,0.032625336309586396,3.3283049795611572,3.803965874547027,0.43799135612358453,ref_SBP,timeseries,20,ols,SinBP_M
444,11,20.056497420330594,25.280077283322377,0.22200675357778374,4.478307248216655,5.450408715603643,0.47393303781454155,ref_SBP,timeseries,20,ols,SinBP_D_full
444,11,20.389821850341583,25.356137254935554,0.18327247216246734,4.252614781764996,5.485455167201223,0.4676536483160081,ref_SBP,timeseries,20,ols,SinBP_D_no_stiff
446,11,20.149872957715676,25.20377944215486,0.190930070982799,4.592863762261041,5.747085041928922,0.48078677464950953,ref_SBP,timeseries,20,ols,SinBP_D_fit_only
462,11,20.78419944663738,24.950412470419636,0.328194443955763,3.2226935581205614,3.5083436811626556,0.23173225125797192,ref_SBP,timeseries,20,ols,SinBP_D_E_only
446,11,21.75048637667494,28.4541145666582,0.003160885294828009,4.3761808629457155,7.189138238154608,0.3702248382852303,ref_SBP,timeseries,20,ridge,RTBP
455,11,21.718262896646856,27.282926451882435,0.03400170470827022,3.2401537488986416,3.6598981742707366,0.4382001467843715,ref_SBP,timeseries,20,ridge,SinBP_M
444,11,20.374568904409728,25.23485172065377,0.191661924104705,4.262853663004609,5.527223660843492,0.4690573790274205,ref_SBP,timeseries,20,ridge,SinBP_D_full
444,11,20.37863325014514,25.237011238774652,0.19241557413016824,4.2745550458854495,5.535266303740951,0.4717052209014526,ref_SBP,timeseries,20,ridge,SinBP_D_no_stiff
446,11,20.12354593975008,25.06613398322414,0.20406003026505543,4.670620726445773,5.871043086264884,0.4921406799943103,ref_SBP,timeseries,20,ridge,SinBP_D_fit_only
462,11,20.85802998569442,25.01092150781976,0.3281944439557624,3.160941308968851,3.4725395935656183,0.23173225125797248,ref_SBP,timeseries,20,ridge,SinBP_D_E_only
446,11,22.55124037889201,30.565016785502714,-0.057540650592805775,4.358356742900504,9.145038375399672,0.42368476758117135,ref_SBP,timeseries,30,ols,RTBP
455,11,21.772873183956428,27.62759765978401,0.06308611577243732,2.9838422285812376,3.1103062615823545,0.44067162191848946,ref_SBP,timeseries,30,ols,SinBP_M
444,11,20.37279850799405,25.837183407690922,0.18931745056209429,4.552823555384605,5.043324231957654,0.5116729996386353,ref_SBP,timeseries,30,ols,SinBP_D_full
444,11,20.656951884850734,25.816105809072162,0.16264012671466987,4.18310327794219,5.096220738332104,0.5011452227657387,ref_SBP,timeseries,30,ols,SinBP_D_no_stiff
446,11,20.552554600214634,25.73006278112144,0.1717294893692311,4.470624349040194,5.3300443382996825,0.5230788650484794,ref_SBP,timeseries,30,ols,SinBP_D_fit_only
462,11,20.643882629833513,24.9219999215716,0.32067796843974616,3.3607026826565733,3.5062018032997484,0.22316633707430522,ref_SBP,timeseries,30,ols,SinBP_D_E_only
446,11,22.30427984725362,29.844168193081202,-0.056860923206696376,4.082134862130969,8.16424676726631,0.4226136092243978,ref_SBP,timeseries,30,ridge,RTBP
455,11,21.723154258036,27.38825573320178,0.06409658692681278,2.8734907145329878,3.0292692975338937,0.4395408253767014,ref_SBP,timeseries,30,ridge,SinBP_M
444,11,20.656109708835093,25.67878244843048,0.17342707311600863,4.166075068141262,5.155424399010893,0.5055649141179879,ref_SBP,timeseries,30,ridge,SinBP_D_full
444,11,20.671818090296615,25.68834806169926,0.17436954653584444,4.1735760167735565,5.162265241949227,0.5086335071494321,ref_SBP,timeseries,30,ridge,SinBP_D_no_stiff
446,11,20.55261109039397,25.581221510437196,0.19100075231710012,4.506825355798161,5.462931848489078,0.539570072506797,ref_SBP,timeseries,30,ridge,SinBP_D_fit_only
462,11,20.700845634247198,24.969490527681256,0.3206779684397455,3.298165289727106,3.468586618785558,0.22316633707430575,ref_SBP,timeseries,30,ridge,SinBP_D_E_only
446,11,24.31606983951637,29.15188744651517,-0.20620839994529477,14.015865276536282,14.765787154436126,0.2613990737049718,ref_SBP,groupkfold,0,ols,RTBP
455,11,21.93660705214322,26.333290833816342,0.006357536012068424,12.155803211317417,12.18880428312737,0.2759469812141637,ref_SBP,groupkfold,0,ols,SinBP_M
444,11,23.583039984727815,27.815602818105084,-0.10576100820941425,12.317626993108377,12.466488765833475,0.045559228044531774,ref_SBP,groupkfold,0,ols,SinBP_D_full
444,11,23.460426628774293,27.65361226577013,-0.09388104765890101,12.243041330056064,12.349051058014973,0.057279295845964605,ref_SBP,groupkfold,0,ols,SinBP_D_no_stiff
446,11,23.368253126631213,27.507746545305338,-0.07889951692705863,12.11708085027382,12.20626766425161,0.0692481486418104,ref_SBP,groupkfold,0,ols,SinBP_D_fit_only
462,11,22.619038279644343,25.871621346127576,0.10914258354676765,12.79665566283154,13.005282321971523,0.18841436013679522,ref_SBP,groupkfold,0,ols,SinBP_D_E_only
446,11,24.27373220711487,29.058853466862097,-0.2055539253118431,14.054501320370465,14.840695541569607,0.2596193729988672,ref_SBP,groupkfold,0,ridge,RTBP
455,11,21.893376700305062,26.252794352648284,0.006825238512712889,12.162338933819047,12.189588212622485,0.2755794207795478,ref_SBP,groupkfold,0,ridge,SinBP_M
444,11,23.439728426107546,27.58652194773371,-0.09864924491835478,12.361709160357519,12.51809708845973,0.04188525247586183,ref_SBP,groupkfold,0,ridge,SinBP_D_full
444,11,23.405078796261556,27.54777423953696,-0.09213054468790606,12.317095158857843,12.460529794079926,0.05394291723871556,ref_SBP,groupkfold,0,ridge,SinBP_D_no_stiff
446,11,23.299011846823905,27.37744433431012,-0.0757470391058436,12.219405425581805,12.367184996021502,0.07237394309485891,ref_SBP,groupkfold,0,ridge,SinBP_D_fit_only
462,11,22.617996244910913,25.86526264487319,0.10914258354676769,12.826011523824322,13.041797171537464,0.1884143601367952,ref_SBP,groupkfold,0,ridge,SinBP_D_E_only
446,11,27.410390432670475,32.60458244417046,-0.30422369758842066,14.331432645762675,15.955611164360523,0.2795038761529042,ref_SBP,groupkfold,5,ols,RTBP
455,11,24.053532777400317,29.153038413804865,-0.056005551762697246,10.247154221769572,10.774315976368317,0.3785977009911536,ref_SBP,groupkfold,5,ols,SinBP_M
444,11,25.94914941367357,30.849952436840887,-0.2104663669804215,10.935273338273547,10.663302230768066,0.07862956208471313,ref_SBP,groupkfold,5,ols,SinBP_D_full
444,11,25.885942184725717,30.728575230079677,-0.1960559293672856,10.852381555459328,10.57832357462894,0.09520818555050858,ref_SBP,groupkfold,5,ols,SinBP_D_no_stiff
446,11,25.470908282948876,29.99366128063034,-0.15647024539432836,11.141614836753105,11.258004796543426,0.10685219488401933,ref_SBP,groupkfold,5,ols,SinBP_D_fit_only
462,11,24.067787696205507,27.41978640426898,0.1382315606992554,11.398720655805645,11.345522342287364,0.2466912787143317,ref_SBP,groupkfold,5,ols,SinBP_D_E_only
446,11,27.349617358622716,32.487019774253795,-0.3041580714079767,14.387227195468405,16.044499946506892,0.2781415171962125,ref_SBP,groupkfold,5,ridge,RTBP
455,11,23.9966929497618,29.009663647327407,-0.05572991296218195,10.217756789163932,10.750709052431763,0.3787109931604414,ref_SBP,groupkfold,5,ridge,SinBP_M
444,11,25.775751462340015,30.547899807220837,-0.20325161201546077,11.00049580427576,10.776889264016072,0.06924156324898169,ref_SBP,groupkfold,5,ridge,SinBP_D_full
444,11,25.795302170892864,30.570542763102658,-0.19359856243230306,10.963614860659277,10.761658191849577,0.08348801657148523,ref_SBP,groupkfold,5,ridge,SinBP_D_no_stiff
446,11,25.379746910322474,29.862189863659033,-0.14608153990809208,11.280839005657485,11.44956719083541,0.09444398600711147,ref_SBP,groupkfold,5,ridge,SinBP_D_fit_only
462,11,24.077417134469943,27.413040305221536,0.1382315606992548,11.411002450444489,11.379208420011778,0.24669127871433,ref_SBP,groupkfold,5,ridge,SinBP_D_E_only
446,11,28.049107836071205,32.78372190792331,-0.431259154147443,15.229833682375409,17.21235406868865,0.3289680855617114,ref_SBP,groupkfold,10,ols,RTBP
455,11,24.900231730020103,29.95969492373167,-0.09617462264026509,9.874735569109257,10.954389959658087,0.4862701102851515,ref_SBP,groupkfold,10,ols,SinBP_M
444,11,25.833348084891167,30.293914842333358,-0.3090442422186211,11.370452280256915,11.821230451908924,0.08721964946871494,ref_SBP,groupkfold,10,ols,SinBP_D_full
444,11,25.800222303657126,30.25517722334468,-0.2887908905738309,11.254491992584413,11.722986399004732,0.14669582382999932,ref_SBP,groupkfold,10,ols,SinBP_D_no_stiff
446,11,25.417680382295575,29.74371048650925,-0.2312671184258906,11.598949731089515,12.247031991793484,0.20958127763618983,ref_SBP,groupkfold,10,ols,SinBP_D_fit_only
462,11,24.338835961731455,27.396259151536345,0.11159869016769468,11.608223600030023,11.62619973711907,0.3903449781829367,ref_SBP,groupkfold,10,ols,SinBP_D_E_only
446,11,27.98758652246763,32.68355404171204,-0.43095323709305466,15.28585269704657,17.286202312652968,0.32649757036404975,ref_SBP,groupkfold,10,ridge,RTBP
455,11,24.835703484602142,29.80362691783244,-0.09625105339468946,9.847097084680586,10.88171436320481,0.4871819142740909,ref_SBP,groupkfold,10,ridge,SinBP_M
444,11,25.706481698188746,30.107300222087513,-0.2995099645821135,11.407745908533727,11.895923229948295,0.09299545801775995,ref_SBP,groupkfold,10,ridge,SinBP_D_full
444,11,25.721467286139195,30.128696094594705,-0.2843718830201533,11.35662538396732,11.876038346434397,0.13492218682943305,ref_SBP,groupkfold,10,ridge,SinBP_D_no_stiff
446,11,25.353730446516405,29.60909161633014,-0.2176916122903533,11.698800051181957,12.437422024475653,0.20632251333780163,ref_SBP,groupkfold,10,ridge,SinBP_D_fit_only
462,11,24.349263016711895,27.39524778400346,0.11159869016769505,11.6243006680789,11.657632420704731,0.39034497818293623,ref_SBP,groupkfold,10,ridge,SinBP_D_E_only
446,11,28.891340437088633,33.24521194500788,-0.38193069038259164,17.140347019348365,18.51831446135634,0.35586204728536636,ref_SBP,groupkfold,15,ols,RTBP
455,11,24.871403329600582,28.855892386628817,-0.09036387690983391,9.968776528563287,11.180325844531309,0.5192773291587961,ref_SBP,groupkfold,15,ols,SinBP_M
444,11,25.951275174848508,29.71686105480949,-0.21190900903717247,11.568437602674184,11.327956533416302,0.08168566343530072,ref_SBP,groupkfold,15,ols,SinBP_D_full
444,11,25.937234002467655,29.68526388942027,-0.18858201593060547,11.439988980813123,11.180020630383416,0.13443200482853968,ref_SBP,groupkfold,15,ols,SinBP_D_no_stiff
446,11,25.546384813477324,29.06982424605294,-0.13128996040789373,11.798575784036192,11.797772758081818,0.19510655432348697,ref_SBP,groupkfold,15,ols,SinBP_D_fit_only
462,11,24.27312502652287,27.20162275048844,0.18492907363772615,11.558321179508642,11.502727783539004,0.39878249786845604,ref_SBP,groupkfold,15,ols,SinBP_D_E_only
446,11,28.839843317859426,33.1578522720833,-0.38104123945979096,17.187248929340267,18.58717995041877,0.35453995950438544,ref_SBP,groupkfold,15,ridge,RTBP
455,11,24.81334434091262,28.750096198444027,-0.0903712166040908,9.939694781482471,11.14729180278308,0.5200480170239983,ref_SBP,groupkfold,15,ridge,SinBP_M
444,11,25.835503683970774,29.528313893870568,-0.2000186032113401,11.6021581127458,11.410854778909176,0.0922426324781868,ref_SBP,groupkfold,15,ridge,SinBP_D_full
444,11,25.860483942573893,29.545071656011487,-0.1846532929341806,11.539975134058531,11.354868318589288,0.12233087380289664,ref_SBP,groupkfold,15,ridge,SinBP_D_no_stiff
446,11,25.475283837466836,28.9390955331923,-0.11254431691456608,11.909281828482065,11.987538657850617,0.1918514576699752,ref_SBP,groupkfold,15,ridge,SinBP_D_fit_only
462,11,24.283953340047056,27.20007886192959,0.18492907363772576,11.566331816874268,11.52795363264399,0.3987824978684546,ref_SBP,groupkfold,15,ridge,SinBP_D_E_only
446,11,28.857136883279992,33.25358980149251,-0.33617008785593633,17.351179650489232,19.52454502745182,0.4624215992780086,ref_SBP,groupkfold,20,ols,RTBP
455,11,24.38879376142339,27.512181085522094,-0.19072493339913715,10.352820318668021,11.950556226782764,0.6635765682181678,ref_SBP,groupkfold,20,ols,SinBP_M
444,11,25.011784475009506,28.85386677379314,-0.19344125328899303,11.623068369681151,11.970062326333533,0.20781488785456056,ref_SBP,groupkfold,20,ols,SinBP_D_full
444,11,24.981755095192547,28.790513156686348,-0.14942245633849385,11.501458050944061,11.869519748478096,0.11352531702541752,ref_SBP,groupkfold,20,ols,SinBP_D_no_stiff
446,11,24.598022735398736,28.29654904730068,-0.03959017339456385,11.848156920514382,12.357013620192165,0.10934993579726643,ref_SBP,groupkfold,20,ols,SinBP_D_fit_only
462,11,24.485766784734643,27.298871679851366,0.1288198200656098,11.674870061379425,11.541877008227035,0.41783677799121116,ref_SBP,groupkfold,20,ols,SinBP_D_E_only
446,11,28.80339633845609,33.17077330388047,-0.33512322612975126,17.397683856798903,19.58444419907601,0.46039752652659893,ref_SBP,groupkfold,20,ridge,RTBP
455,11,24.362020944631258,27.477937342321106,-0.19086897799771096,10.326379800067702,11.912619140534614,0.6638594715805564,ref_SBP,groupkfold,20,ridge,SinBP_M
444,11,24.923378321406954,28.697646878977196,-0.19219424818515557,11.640130539517894,12.023460439904138,0.2173426410842623,ref_SBP,groupkfold,20,ridge,SinBP_D_full
444,11,24.932884631758704,28.70550852678099,-0.15009442098883885,11.566795385530087,11.97648207652932,0.12281440060198803,ref_SBP,groupkfold,20,ridge,SinBP_D_no_stiff
446,11,24.58054501759317,28.226071648410795,-0.03205022454020735,11.886195739977243,12.467491937384084,0.08714107566772981,ref_SBP,groupkfold,20,ridge,SinBP_D_fit_only
462,11,24.496375208170967,27.298751125154915,0.12881982006561052,11.690332056170734,11.571685473630199,0.4178367779912116,ref_SBP,groupkfold,20,ridge,SinBP_D_E_only
446,11,28.947430988168332,32.53042863436783,-0.22493550456667782,17.619025713210196,19.011125916305115,0.6606246591134317,ref_SBP,groupkfold,30,ols,RTBP
455,11,24.49507279345798,27.61700942908808,-0.005176463629482375,10.660995345594182,12.163994045035675,0.6359460132608389,ref_SBP,groupkfold,30,ols,SinBP_M
444,11,25.492715310010453,28.455753954415478,-0.20879961374007533,12.724770261945341,12.760600761660712,0.4471421367635671,ref_SBP,groupkfold,30,ols,SinBP_D_full
444,11,25.43213236619106,28.368546556330877,-0.09690722324728893,12.609916343734518,12.633798652933283,0.3558817586191139,ref_SBP,groupkfold,30,ols,SinBP_D_no_stiff
446,11,25.156006291970094,28.08926762164115,0.007592439648361582,12.831218232867341,12.86033721506447,0.38484919633853304,ref_SBP,groupkfold,30,ols,SinBP_D_fit_only
462,11,24.550037526316977,27.16244355082195,0.2838275125133992,12.052123334963301,12.140149450242372,0.33870023659342463,ref_SBP,groupkfold,30,ols,SinBP_D_E_only
446,11,28.89370136839936,32.45062519479451,-0.22494186565262247,17.664249923456936,19.0639945434953,0.6578423373304606,ref_SBP,groupkfold,30,ridge,RTBP
455,11,24.465334303361015,27.574525346035323,-0.004268187137303014,10.622745926576844,12.132450437544113,0.6366856485508945,ref_SBP,groupkfold,30,ridge,SinBP_M
444,11,25.387768503755034,28.318729241293852,-0.1451936154295635,12.72365252375234,12.77625117873856,0.38036381014677506,ref_SBP,groupkfold,30,ridge,SinBP_D_full
444,11,25.389650057182777,28.310298453195617,-0.08120816560255963,12.667954569441019,12.709427682152468,0.3625869329269983,ref_SBP,groupkfold,30,ridge,SinBP_D_no_stiff
446,11,25.136289363899536,28.04636352674263,0.03317660889259248,12.871871703413301,12.940002420538573,0.4511030673647722,ref_SBP,groupkfold,30,ridge,SinBP_D_fit_only
462,11,24.565870743255644,27.1705413349167,0.2838275125133999,12.063834339726585,12.163683470117935,0.3387002365934229,ref_SBP,groupkfold,30,ridge,SinBP_D_E_only
446,11,27.231505898772035,28.90573443738831,-0.030841950614189758,19.509710923154906,20.05704983703346,0.4079143695519768,ref_SBP,logo,0,ols,RTBP
455,11,25.136097092942215,26.74835457041111,-0.0771071956961079,16.470960654813837,16.40521303614831,0.3312235880532449,ref_SBP,logo,0,ols,SinBP_M
444,11,24.758319354212542,27.43333150513549,-0.19495952801807717,15.316213955568173,15.817345933503889,0.23150514902716338,ref_SBP,logo,0,ols,SinBP_D_full
444,11,24.614570815951353,27.206230805670085,-0.18554132211846663,15.268755178913501,15.784546380978524,0.23756711784925807,ref_SBP,logo,0,ols,SinBP_D_no_stiff
446,11,24.58972438583995,27.15880614055013,-0.1869289525792052,15.219212319157949,15.702135619652715,0.23701890922410146,ref_SBP,logo,0,ols,SinBP_D_fit_only
462,11,23.51851554423098,24.977961792862416,-0.10723672123704854,14.925633980638821,14.83924626823616,0.2387259149258699,ref_SBP,logo,0,ols,SinBP_D_E_only
446,11,27.09202233244772,28.728067347817202,-0.03112102108296985,19.34850181640667,19.863378120932772,0.4069430560671582,ref_SBP,logo,0,ridge,RTBP
455,11,25.089612167643722,26.66914381105785,-0.07730757761022572,16.445902338770512,16.375916209886185,0.332055345177521,ref_SBP,logo,0,ridge,SinBP_M
444,11,24.574751129372125,27.114480084192085,-0.18755712742753064,15.290514553609514,15.762337092049625,0.23811874969691163,ref_SBP,logo,0,ridge,SinBP_D_full
444,11,24.566408885457587,27.076713573366213,-0.1872186262633715,15.303920741725191,15.774544956143854,0.2394068214117685,ref_SBP,logo,0,ridge,SinBP_D_no_stiff
446,11,24.552869626375298,27.013637646709707,-0.18757854429897158,15.300113226435172,15.735543531273557,0.24022427797210816,ref_SBP,logo,0,ridge,SinBP_D_fit_only
462,11,23.530086476459836,24.973531986453484,-0.10723672123704836,14.93834854473705,14.852244050786117,0.2387259149258699,ref_SBP,logo,0,ridge,SinBP_D_E_only
446,11,27.447071166159812,28.710023385473175,-0.08503743119932305,19.398486170649928,19.670857915896757,0.45811840372660523,ref_SBP,logo,5,ols,RTBP
455,11,25.61655302162068,27.215673114824742,-0.0799659907610438,16.842527994659168,17.026724527740054,0.4219381622324405,ref_SBP,logo,5,ols,SinBP_M
444,11,24.671438112566822,26.89590822088211,-0.25879959527116286,15.284019864016491,15.611385686330967,0.2713016823359842,ref_SBP,logo,5,ols,SinBP_D_full
444,11,24.541485830672823,26.680080572649846,-0.236872183355756,15.21960283813165,15.56695844910335,0.2955388703546384,ref_SBP,logo,5,ols,SinBP_D_no_stiff
446,11,24.27475543807806,26.302974238495267,-0.2620627745203194,15.21442153032763,15.570765601353303,0.2934925773578409,ref_SBP,logo,5,ols,SinBP_D_fit_only
462,11,23.629421318097652,24.691945549860566,-0.062002332289720005,15.062470334663569,14.931317528610874,0.43154111708452486,ref_SBP,logo,5,ols,SinBP_D_E_only
446,11,27.2884888538945,28.527082796402087,-0.08669129705697437,19.213980428600284,19.468865562259044,0.45471408702908195,ref_SBP,logo,5,ridge,RTBP
455,11,25.56171180491107,27.11598295646883,-0.07921082790488172,16.790039208320056,16.95059522278022,0.42394915877602046,ref_SBP,logo,5,ridge,SinBP_M
444,11,24.49018473201589,26.58930152356753,-0.24051697096569227,15.247401756887239,15.565712264977506,0.29016174636358655,ref_SBP,logo,5,ridge,SinBP_D_full
444,11,24.50345448650238,26.583378323149763,-0.23853916267947814,15.244312889389011,15.567797362500892,0.2958105674501734,ref_SBP,logo,5,ridge,SinBP_D_no_stiff
446,11,24.25695457745257,26.233513003006127,-0.2603374173083749,15.284841906602328,15.614137768384204,0.2945306121954055,ref_SBP,logo,5,ridge,SinBP_D_fit_only
462,11,23.63105885160869,24.68363682222139,-0.0620023322897195,15.068583116414674,14.939141352931816,0.43154111708452464,ref_SBP,logo,5,ridge,SinBP_D_E_only
446,11,26.947491618714135,27.912771721757796,-0.13898909567174503,19.010382896741707,19.347241296713456,0.5733044075910595,ref_SBP,logo,10,ols,RTBP
455,11,25.478679874900255,26.86579105171413,-0.18652948488556123,16.803008509157777,17.399314298852605,0.4352424430669923,ref_SBP,logo,10,ols,SinBP_M
444,11,23.720289189620306,25.475697154354588,-0.41393749416710385,15.628143575834146,16.087241225837165,0.4031947680407898,ref_SBP,logo,10,ols,SinBP_D_full
444,11,23.6225189014055,25.365659659041363,-0.3813636880664205,15.565879713760037,16.016906047687183,0.45302373052858524,ref_SBP,logo,10,ols,SinBP_D_no_stiff
446,11,23.373115976372233,25.089619183308958,-0.3963251708310812,15.60733200075701,16.065186107942324,0.48581742639567976,ref_SBP,logo,10,ols,SinBP_D_fit_only
462,11,23.29919751402383,23.947951301219312,-0.17149404139480426,15.122821871634303,15.113863840531865,0.5886684439810699,ref_SBP,logo,10,ols,SinBP_D_E_only
446,11,26.808872980476064,27.75794557484776,-0.1405144057618316,18.85828162760114,19.1770556253721,0.5706723009757825,ref_SBP,logo,10,ridge,RTBP
455,11,25.429150670339844,26.77491737787217,-0.18584078610459728,16.753164769212837,17.301532162441372,0.438266276735183,ref_SBP,logo,10,ridge,SinBP_M
444,11,23.58548005647982,25.295515318440856,-0.3898908865987517,15.58165327307524,16.022417595563326,0.45017860134233034,ref_SBP,logo,10,ridge,SinBP_D_full
444,11,23.60933071689415,25.30023043664014,-0.38664448799991386,15.575326573767157,16.013548962857172,0.4529877820274581,ref_SBP,logo,10,ridge,SinBP_D_no_stiff
446,11,23.39177188792689,25.043990921545277,-0.39771934541966725,15.635131032704852,16.089960626899224,0.48294626673413094,ref_SBP,logo,10,ridge,SinBP_D_fit_only
462,11,23.308450661270886,23.949850818564837,-0.17149404139480504,15.130549882107921,15.12275796330527,0.5886684439810678,ref_SBP,logo,10,ridge,SinBP_D_E_only
446,11,26.98036082819672,27.660442238730685,-0.00512330756126175,19.53051295457139,19.410559890503862,0.7405085570029768,ref_SBP,logo,15,ols,RTBP
455,11,25.29270959279635,26.084310254725473,0.14860394926757917,16.80698425293515,16.936264271009613,0.6674051263763785,ref_SBP,logo,15,ols,SinBP_M
444,11,23.9529660851608,24.96146619908649,-0.17972428945536814,15.228505867990163,15.51005552485459,0.6172009630570734,ref_SBP,logo,15,ols,SinBP_D_full
444,11,23.87482210777214,24.86426493773714,-0.12622343778844036,15.127926746043217,15.410318481315619,0.6449947688717871,ref_SBP,logo,15,ols,SinBP_D_no_stiff
446,11,23.662273379868665,24.543302371389704,-0.16274055070179297,15.126940572853652,15.42576352082442,0.6756516434370122,ref_SBP,logo,15,ols,SinBP_D_fit_only
462,11,23.109108144730296,23.828470025149045,0.08698110298168939,14.838967737985145,14.823428899232256,0.7541177423124625,ref_SBP,logo,15,ols,SinBP_D_E_only
446,11,26.8232969156811,27.49756430109576,-0.006728757097219787,19.33163628622287,19.21268279290154,0.738169388402005,ref_SBP,logo,15,ridge,RTBP
455,11,25.23887117020075,26.01319425266175,0.1494055103301952,16.748448486193244,16.862639677807238,0.6673936940883639,ref_SBP,logo,15,ridge,SinBP_M
444,11,23.824206908686595,24.785862349838677,-0.13418217211988345,15.159632129086546,15.421974378012973,0.638687307487074,ref_SBP,logo,15,ridge,SinBP_D_full
444,11,23.838581014474446,24.787182110911406,-0.12402780681236414,15.143089398388891,15.405824027470283,0.6444825693450371,ref_SBP,logo,15,ridge,SinBP_D_no_stiff
446,11,23.64653948547414,24.48150919569081,-0.15676023044738377,15.177516908603312,15.445766595122977,0.6731428043960319,ref_SBP,logo,15,ridge,SinBP_D_fit_only
462,11,23.11007528731605,23.819949958450604,0.08698110298168786,14.842898143789803,14.827925594736165,0.7541177423124642,ref_SBP,logo,15,ridge,SinBP_D_E_only
446,11,25.966069353979787,27.00315102322145,-0.4059125531394093,18.694134077679287,19.00958232685628,0.7174968531557535,ref_SBP,logo,20,ols,RTBP
455,11,23.84549192540313,24.57913780561171,-0.08755029891786786,15.914688174912321,15.97342068704083,0.674963644766048,ref_SBP,logo,20,ols,SinBP_M
444,11,22.033861885205678,23.767077335413568,-0.5581158001090333,14.519233387591747,14.832026049312498,0.5948406072978881,ref_SBP,logo,20,ols,SinBP_D_full
444,11,21.9337411926715,23.653815429995742,-0.4375990054310772,14.415658316317295,14.721760389323403,0.6303889788845873,ref_SBP,logo,20,ols,SinBP_D_no_stiff
446,11,21.70437171675262,23.390102877235496,-0.39800534500675205,14.46466997103553,14.784645314898455,0.6630320186778177,ref_SBP,logo,20,ols,SinBP_D_fit_only
462,11,22.588617648710734,23.28092748757092,-0.13189244577921225,14.777065513682249,14.682098743166073,0.8051337950196065,ref_SBP,logo,20,ols,SinBP_D_E_only
446,11,25.83157864312351,26.84969934626156,-0.40654124301995737,18.525172360136818,18.823040957555246,0.7158425257860155,ref_SBP,logo,20,ridge,RTBP
455,11,23.827888407956156,24.55293265886353,-0.08584389205289897,15.896542080598481,15.945786808556257,0.6776256399115662,ref_SBP,logo,20,ridge,SinBP_M
444,11,21.928854065371787,23.616734034573245,-0.47005611715093637,14.455220315907109,14.755026235922623,0.5941834128930212,ref_SBP,logo,20,ridge,SinBP_D_full
444,11,21.95362649958462,23.62488085443775,-0.4371082123606423,14.441404473903965,14.739433107858341,0.6323061542965914,ref_SBP,logo,20,ridge,SinBP_D_no_stiff
446,11,21.763975908861912,23.393992231145077,-0.38084530828496777,14.500060032789527,14.819270429167469,0.6946458284701152,ref_SBP,logo,20,ridge,SinBP_D_fit_only
462,11,22.60012974410072,23.28522153599479,-0.13189244577920972,14.783659520945944,14.689915370066538,0.8051337950196044,ref_SBP,logo,20,ridge,SinBP_D_E_only
446,11,24.305867256912066,24.545836288462034,0.2,19.068418798126846,19.013065399522084,1.0327955589886444,ref_SBP,logo,30,ols,RTBP
455,11,22.914645412004177,23.268567308471404,0.2,16.923841158004024,16.907859404073466,1.0327955589886444,ref_SBP,logo,30,ols,SinBP_M
444,11,22.428015452829733,22.797279320991258,-0.2,16.43331948744944,16.417546155023185,1.0327955589886444,ref_SBP,logo,30,ols,SinBP_D_full
444,11,22.353238251806054,22.71230721717766,-0.19999999999999998,16.32142698757197,16.30962601530036,1.0327955589886444,ref_SBP,logo,30,ols,SinBP_D_no_stiff
446,11,22.13218116894554,22.514999061751936,-0.4,16.35726002558931,16.310140947776905,0.9660917830792958,ref_SBP,logo,30,ols,SinBP_D_fit_only
462,11,22.587856117073798,22.93372575312829,-0.2,15.908651292019883,15.896337670046403,1.0327955589886444,ref_SBP,logo,30,ols,SinBP_D_E_only
446,11,24.219668762190018,24.45995074751803,0.2,18.941612008867498,18.889657253866986,1.0327955589886444,ref_SBP,logo,30,ridge,RTBP
455,11,22.91234841808851,23.259996943997876,0.2,16.903036658227354,16.88724931609267,1.0327955589886444,ref_SBP,logo,30,ridge,SinBP_M
444,11,22.323273611781413,22.685011613330044,-0.2,16.346552287478634,16.3329103657945,1.0327955589886444,ref_SBP,logo,30,ridge,SinBP_D_full
444,11,22.344104193172978,22.701749233308078,-0.19999999999999998,16.337724174682847,16.326487609618233,1.0327955589886444,ref_SBP,logo,30,ridge,SinBP_D_no_stiff
446,11,22.153960251772027,22.52768185743654,-0.4,16.38741261149001,16.347918697026486,0.9660917830792958,ref_SBP,logo,30,ridge,SinBP_D_fit_only
462,11,22.594510733508635,22.936993450494498,-0.2,15.918174848410134,15.907003621001671,1.0327955589886444,ref_SBP,logo,30,ridge,SinBP_D_E_only
446,11,16.128826136337057,22.50550999270593,0.1683435616520918,2.8942635064631905,7.590590590511427,0.23742378367943903,ref_DBP,timeseries,0,ols,RTBP
455,11,15.21364331108301,19.76345345150158,0.2609507032159245,1.4408055608270995,1.6258814291272499,0.14898844962911229,ref_DBP,timeseries,0,ols,SinBP_M
444,11,15.324530542591043,20.688056406864145,0.27588505988195716,1.6741253597618686,3.449377410542584,0.13972484512442565,ref_DBP,timeseries,0,ols,SinBP_D_full
444,11,14.796380747584658,19.284125825776258,0.2773993820159534,1.4860902996075673,2.0448707787592224,0.12207467742157162,ref_DBP,timeseries,0,ols,SinBP_D_no_stiff
446,11,14.897523129919104,19.339253737926487,0.2769376954199641,1.5056151201666739,2.008715915219405,0.12348888200192952,ref_DBP,timeseries,0,ols,SinBP_D_fit_only
462,11,15.556515203160995,19.7640456295024,0.12532181365835357,1.3548444745240515,2.1741307940748134,0.23458402750565094,ref_DBP,timeseries,0,ols,SinBP_D_E_only
446,11,15.973371360591795,21.8763733275156,0.16946089924825458,2.6084253801949147,6.302938876244612,0.23743048920628657,ref_DBP,timeseries,0,ridge,RTBP
455,11,15.08266899542825,19.517550745675727,0.26258613257045826,1.3498791658062206,1.4900207215645151,0.14675574650396703,ref_DBP,timeseries,0,ridge,SinBP_M
444,11,14.753581949509101,19.111930301119834,0.2860568034158325,1.453182678676812,1.9827551777927572,0.12347156734479599,ref_DBP,timeseries,0,ridge,SinBP_D_full
444,11,14.758991989364887,19.119330619742477,0.28453649028411526,1.4494367862871094,1.969060262675854,0.12251781626296235,ref_DBP,timeseries,0,ridge,SinBP_D_no_stiff
446,11,14.811341652915337,19.116083781627193,0.286263759080969,1.432364122834528,1.8675892642721619,0.12220270546538126,ref_DBP,timeseries,0,ridge,SinBP_D_fit_only
462,11,15.614794821874671,19.77438537429966,0.12532181365835354,1.3055896590016074,2.1662680596814403,0.23458402750565094,ref_DBP,timeseries,0,ridge,SinBP_D_E_only
446,11,17.17087644244114,23.763519975416326,0.16915749371966143,4.30281765755617,9.62218923780339,0.3690785132631834,ref_DBP,timeseries,5,ols,RTBP
455,11,15.726588493321254,20.105733277720486,0.2609971641973489,1.9496024318598615,2.315316928611545,0.28187916052745365,ref_DBP,timeseries,5,ols,SinBP_M
444,11,16.06567827227476,20.386623760703007,0.30107200758066466,1.9913232642684442,2.3776117428914105,0.1946361058970509,ref_DBP,timeseries,5,ols,SinBP_D_full
444,11,15.616233414600751,19.58164700451499,0.30207545748948006,1.680229921357961,1.8439951880865126,0.18112113327291593,ref_DBP,timeseries,5,ols,SinBP_D_no_stiff
446,11,15.370860765750205,19.34451693186775,0.3229793470266163,1.6180790504278144,1.8327742023790363,0.20170276991697816,ref_DBP,timeseries,5,ols,SinBP_D_fit_only
462,11,17.128465133893275,20.81184978937148,0.04813721894116964,1.7980309425460388,2.288898814123731,0.2606603389712425,ref_DBP,timeseries,5,ols,SinBP_D_E_only
446,11,16.988747756197846,23.02438561247013,0.17020878845993967,3.846718847021471,8.059751502215859,0.36892562552783686,ref_DBP,timeseries,5,ridge,RTBP
455,11,15.7280474161302,19.97777593383171,0.26324615539812085,1.9085772659343598,2.240510147856301,0.27745638323406757,ref_DBP,timeseries,5,ridge,SinBP_M
444,11,15.59770267911993,19.474112357165286,0.31304253321787573,1.6535531736391071,1.7875909318525776,0.1774985519477586,ref_DBP,timeseries,5,ridge,SinBP_D_full
444,11,15.609938374088008,19.49290013152476,0.3078744657108954,1.6446113244230136,1.7559676655603085,0.1718641867858703,ref_DBP,timeseries,5,ridge,SinBP_D_no_stiff
446,11,15.346519984468667,19.210515719986457,0.3340258654758307,1.6064570158555616,1.7539121631257233,0.19490124275357715,ref_DBP,timeseries,5,ridge,SinBP_D_fit_only
462,11,17.162497943527022,20.800132848210225,0.04813721894116957,1.7743380214129578,2.2990494971352073,0.2606603389712425,ref_DBP,timeseries,5,ridge,SinBP_D_E_only
446,11,16.579253204945363,22.93761659401367,0.15171110045841948,3.782140696552647,8.116864968021082,0.37669300553018303,ref_DBP,timeseries,10,ols,RTBP
455,11,15.847861238563933,20.332787762800038,0.1867116575669865,2.0007540182015795,2.7303449167297917,0.2759055876853289,ref_DBP,timeseries,10,ols,SinBP_M
444,11,15.788294769668784,20.044734230082508,0.2927554536905591,1.8622789533899744,2.38972033498353,0.33143374018101096,ref_DBP,timeseries,10,ols,SinBP_D_full
444,11,15.770931284429697,19.749020401323193,0.273910186041367,1.8635175507730166,2.4033545363816007,0.3101965079363514,ref_DBP,timeseries,10,ols,SinBP_D_no_stiff
446,11,15.637533822423359,19.582625254255944,0.27000584591573806,1.7985839663583427,2.3626525513605876,0.31507039776923373,ref_DBP,timeseries,10,ols,SinBP_D_fit_only
462,11,16.929463533154106,20.367681162150447,0.11748631423717817,1.9235568791514024,2.5190963734183516,0.34955654916463624,ref_DBP,timeseries,10,ols,SinBP_D_E_only
446,11,16.48953742196404,22.328206823664782,0.15283249105597957,3.5299024862044255,6.904315386430082,0.3777419251159105,ref_DBP,timeseries,10,ridge,RTBP
455,11,15.848735163229719,20.19099398225065,0.18964377325345688,1.9521310400057428,2.6440557915997194,0.2721399458540815,ref_DBP,timeseries,10,ridge,SinBP_M
444,11,15.724223666057588,19.615958425665625,0.28519038437380984,1.8003115188044718,2.2954716346266006,0.3064302865615564,ref_DBP,timeseries,10,ridge,SinBP_D_full
444,11,15.731047573683844,19.625534370232607,0.28244490199589994,1.7936790973671302,2.2713762573233054,0.30333649586356165,ref_DBP,timeseries,10,ridge,SinBP_D_no_stiff
446,11,15.54521830304167,19.40673736054301,0.2836559552294714,1.7418747969613506,2.2173651374249905,0.3088533299480086,ref_DBP,timeseries,10,ridge,SinBP_D_fit_only
462,11,16.976816456615303,20.398198336139806,0.1174863142371773,1.888807848053112,2.487052042618978,0.3495565491646363,ref_DBP,timeseries,10,ridge,SinBP_D_E_only
446,11,17.962515550299052,25.42177338211949,0.16107410222647656,4.85484108787676,11.364318262936088,0.4106374965941443,ref_DBP,timeseries,15,ols,RTBP
455,11,16.612479408304473,21.01433592066991,0.27593034850058695,3.267588266852456,3.9217012731384675,0.3358412206357367,ref_DBP,timeseries,15,ols,SinBP_M
444,11,16.993732544651635,21.4568083179064,0.29450204952909964,2.8597726034823077,3.5983463490444003,0.3502635596120362,ref_DBP,timeseries,15,ols,SinBP_D_full
444,11,16.529288741452042,20.56138012634786,0.29013099211231275,2.7685021568664787,3.438545942135695,0.3492932192590662,ref_DBP,timeseries,15,ols,SinBP_D_no_stiff
446,11,16.295741511464666,20.363061364284427,0.29383004716346905,2.6375255285909214,3.390616667576141,0.3543844711456675,ref_DBP,timeseries,15,ols,SinBP_D_fit_only
462,11,17.384181088105013,21.090416550105267,0.07275528099717223,2.402855329447654,3.0484457261589997,0.31560701446047856,ref_DBP,timeseries,15,ols,SinBP_D_E_only
446,11,17.727010611570872,24.538091371921837,0.16230614609274907,4.323307475392888,9.568973946389633,0.41102193638125534,ref_DBP,timeseries,15,ridge,RTBP
455,11,16.606582085397925,20.8619318410378,0.2776784014707266,3.2202073480063365,3.847597160927059,0.332247743758201,ref_DBP,timeseries,15,ridge,SinBP_M
444,11,16.512932459064963,20.438560473614086,0.30030231044148215,2.690317465584036,3.3242398001523314,0.3414236337234791,ref_DBP,timeseries,15,ridge,SinBP_D_full
444,11,16.52048689538056,20.449043245315035,0.29772610767480423,2.681797332395487,3.298831781590202,0.33786039291168846,ref_DBP,timeseries,15,ridge,SinBP_D_no_stiff
446,11,16.272420018174067,20.197522456225403,0.3095571871707181,2.5413788604035594,3.212367739466794,0.34012463757631484,ref_DBP,timeseries,15,ridge,SinBP_D_fit_only
462,11,17.416904000591693,21.081788083988023,0.0727552809971714,2.3849002504336116,3.0548488937769287,0.3156070144604781,ref_DBP,timeseries,15,ridge,SinBP_D_E_only
446,11,16.573234683568437,22.984386471577597,0.21899815632202307,3.810471771166863,8.126440620702912,0.4091931440715966,ref_DBP,timeseries,20,ols,RTBP
455,11,16.185348917806582,20.618975351492658,0.23980885605624486,2.244662738648331,2.8293453990751822,0.33329861673883243,ref_DBP,timeseries,20,ols,SinBP_M
444,11,15.63189717510329,19.809834367553755,0.37612873447369133,2.236419952634149,2.8934551218002267,0.35484572000649595,ref_DBP,timeseries,20,ols,SinBP_D_full
444,11,15.643548044639164,19.574519853699393,0.36665108040400696,2.2140275189605263,2.9264038069516447,0.3669420525847402,ref_DBP,timeseries,20,ols,SinBP_D_no_stiff
446,11,15.504731027506683,19.423673994360623,0.38265254598430937,2.0712223686417564,2.8180995021003308,0.3533236385564151,ref_DBP,timeseries,20,ols,SinBP_D_fit_only
462,11,17.26962854258587,20.794512693965306,0.06785259961954947,2.376999736930192,3.114304864767273,0.40410825012953694,ref_DBP,timeseries,20,ols,SinBP_D_E_only
446,11,16.510776927742853,22.408530046826012,0.21932540305723291,3.562424238012129,6.90486384580521,0.4108903719038641,ref_DBP,timeseries,20,ridge,RTBP
455,11,16.19059762445115,20.48012509578141,0.24319739891109943,2.18130024494488,2.7169899921493332,0.3300496581353728,ref_DBP,timeseries,20,ridge,SinBP_M
444,11,15.607447645148806,19.458592214599907,0.3789015473072822,2.1337250167892527,2.7892645837810273,0.356517894194072,ref_DBP,timeseries,20,ridge,SinBP_D_full
444,11,15.612200914339553,19.463861473406418,0.3763013366331157,2.1254790645885224,2.766308097249738,0.35295135219706736,ref_DBP,timeseries,20,ridge,SinBP_D_no_stiff
446,11,15.425007432675383,19.260120971187213,0.39646199795758924,1.9840545347975087,2.63502588946478,0.33014272661640875,ref_DBP,timeseries,20,ridge,SinBP_D_fit_only
462,11,17.31698146605962,20.82502986795223,0.06785259961954872,2.3403807916219472,3.0831658866265124,0.4041082501295367,ref_DBP,timeseries,20,ridge,SinBP_D_E_only
446,11,17.637954608275788,24.973080320980507,0.14856144088851658,4.339213776282818,10.619906951476036,0.4117007390953895,ref_DBP,timeseries,30,ols,RTBP
455,11,16.610886999254255,20.918631882899327,0.26927066946011396,3.209387328055115,3.913279938863494,0.3255778412118007,ref_DBP,timeseries,30,ols,SinBP_M
444,11,16.59486282422706,21.01364601464372,0.2794423712529697,2.821054875278308,3.38791979791605,0.34717582815705705,ref_DBP,timeseries,30,ols,SinBP_D_full
444,11,16.603097954103553,20.6570604871649,0.25794403780809294,2.7806249573620363,3.460012908508756,0.3368648698926881,ref_DBP,timeseries,30,ols,SinBP_D_no_stiff
446,11,16.424214904531937,20.523059029397025,0.2562420067611086,2.6349247408432594,3.404707375773663,0.33820798350720377,ref_DBP,timeseries,30,ols,SinBP_D_fit_only
462,11,17.215778966346427,20.75176776079776,0.08512173776410113,2.1537820907672383,2.8443248874977725,0.37828004828881784,ref_DBP,timeseries,30,ols,SinBP_D_E_only
446,11,17.51958704501996,24.168308403250048,0.14965635828655982,4.040507407972896,9.017606237295178,0.4124693763674076,ref_DBP,timeseries,30,ridge,RTBP
455,11,16.658220624327242,20.78175104938613,0.27191873917878706,3.138133755715927,3.8250088178272885,0.3222390059760961,ref_DBP,timeseries,30,ridge,SinBP_M
444,11,16.572158875152397,20.497345835249337,0.27315949485976165,2.7014706312960106,3.3471393325474774,0.32966520494155666,ref_DBP,timeseries,30,ridge,SinBP_D_full
444,11,16.58094184642321,20.5080300867368,0.2705445755130126,2.6919973849594796,3.320471358094679,0.3259411218099973,ref_DBP,timeseries,30,ridge,SinBP_D_no_stiff
446,11,16.381704890319824,20.33005619321803,0.2763867648957104,2.537489667389255,3.2191718180653663,0.32546734860251003,ref_DBP,timeseries,30,ridge,SinBP_D_fit_only
462,11,17.258538317805474,20.77861584545685,0.08512173776410038,2.1296823492720645,2.8213955317502433,0.37828004828881767,ref_DBP,timeseries,30,ridge,SinBP_D_E_only
446,11,19.530728814238717,22.288712592812768,-0.03285586116205762,12.615422162056403,12.964824619166539,0.45254120313595536,ref_DBP,groupkfold,0,ols,RTBP
455,11,18.36543232936314,21.498342967579635,0.06223325468284413,12.106197690976321,12.1683708212788,0.38045885960640574,ref_DBP,groupkfold,0,ols,SinBP_M
444,11,18.84757981952391,21.70983201653953,0.06936381461718022,12.603501026913035,12.83777020439317,0.3651136512524732,ref_DBP,groupkfold,0,ols,SinBP_D_full
444,11,18.75815328001763,21.59086829144412,0.075989395637198,12.564586078054218,12.76820385643013,0.3619528763569312,ref_DBP,groupkfold,0,ols,SinBP_D_no_stiff
446,11,18.705338363172235,21.522997036269356,0.08140561838099607,12.422310450556571,12.601342655958138,0.3553298316191428,ref_DBP,groupkfold,0,ols,SinBP_D_fit_only
462,11,19.207859342834567,21.120716043326233,-0.08112312312385729,12.746251655407828,13.059832613410144,0.22894523800839814,ref_DBP,groupkfold,0,ols,SinBP_D_E_only
446,11,19.52964387798674,22.237804092704614,-0.035074684519363145,12.603634770445995,12.940566399524437,0.4502573434316734,ref_DBP,groupkfold,0,ridge,RTBP
455,11,18.35412720159378,21.431800109225772,0.06275276034253999,12.128806845141774,12.189889735579282,0.38178109059337323,ref_DBP,groupkfold,0,ridge,SinBP_M
444,11,18.79068430079426,21.596268998160127,0.0719120753331887,12.652069958295458,12.871376618549428,0.3665678299960032,ref_DBP,groupkfold,0,ridge,SinBP_D_full
444,11,18.737964902775836,21.527036599758752,0.07403878631776978,12.582157513910023,12.782541806397974,0.36270557020673067,ref_DBP,groupkfold,0,ridge,SinBP_D_no_stiff
446,11,18.671029668598695,21.44228166038204,0.08100340409634257,12.452846646909823,12.636971902999015,0.3552273946617156,ref_DBP,groupkfold,0,ridge,SinBP_D_fit_only
462,11,19.21031187172561,21.116002996636258,-0.08112312312385692,12.7374759988429,13.053742240518853,0.2289452380083982,ref_DBP,groupkfold,0,ridge,SinBP_D_E_only
446,11,20.736602459798217,23.45634351437616,-0.027970533456804825,12.235332815661414,12.89879229240614,0.5441862698431692,ref_DBP,groupkfold,5,ols,RTBP
455,11,19.313910273172656,23.383239805968305,-7.542655277470445e-05,11.232587672051979,10.850899523483685,0.48859225514029303,ref_DBP,groupkfold,5,ols,SinBP_M
444,11,19.623239471992225,22.783947089655733,0.0636820263415268,12.156804490548195,12.257085405054568,0.42097983254732513,ref_DBP,groupkfold,5,ols,SinBP_D_full
444,11,19.593649862871594,22.65637810160758,0.07531374087948399,12.07517168027724,12.205915688319589,0.41124454403819116,ref_DBP,groupkfold,5,ols,SinBP_D_no_stiff
446,11,19.23048111703746,22.119020980129534,0.12060694605835617,12.207580628039205,12.486593611494246,0.42656464986034964,ref_DBP,groupkfold,5,ols,SinBP_D_fit_only
462,11,20.59436439245195,22.594417877008674,-0.14992928256836882,11.63877462044689,11.906726750966929,0.28183404279212787,ref_DBP,groupkfold,5,ols,SinBP_D_E_only
446,11,20.734391637665546,23.41028463998235,-0.03060015358003527,12.172906070721238,12.824584794493651,0.5418656981564116,ref_DBP,groupkfold,5,ridge,RTBP
455,11,19.30887758194943,23.282795345721787,0.0012792820654572213,11.231191886515221,10.855380878098766,0.48961476202953536,ref_DBP,groupkfold,5,ridge,SinBP_M
444,11,19.6006387809611,22.637396818853695,0.06611320685969865,12.118448200484208,12.236920727173604,0.42207215311681356,ref_DBP,groupkfold,5,ridge,SinBP_D_full
444,11,19.593787099600792,22.606558680942385,0.0743822103764474,12.070796885329429,12.199784884039255,0.41177784373043386,ref_DBP,groupkfold,5,ridge,SinBP_D_no_stiff
446,11,19.23597228207221,22.09019121435464,0.1207736342810632,12.203200546963672,12.470245697062374,0.42814821428387173,ref_DBP,groupkfold,5,ridge,SinBP_D_fit_only
462,11,20.595757365282363,22.58732663621585,-0.14992928256836874,11.632755776325327,11.905695620924547,0.28183404279212776,ref_DBP,groupkfold,5,ridge,SinBP_D_E_only
446,11,20.485522572062727,23.307584128913998,-0.05586379934264161,12.272913826420607,13.337529845097771,0.6611680898570776,ref_DBP,groupkfold,10,ols,RTBP
455,11,19.491251573058697,24.00006091695758,-0.09503768332523825,10.56003401707372,10.924051377088084,0.7269171314662535,ref_DBP,groupkfold,10,ols,SinBP_M
444,11,19.530410061982188,22.441968795586913,-0.038204493260702944,12.179743212249745,12.852686029458129,0.5860631790709969,ref_DBP,groupkfold,10,ols,SinBP_D_full
444,11,19.505707016229852,22.395587549181112,-0.03779240446374636,12.104365982292864,12.76407517081272,0.5890030168965893,ref_DBP,groupkfold,10,ols,SinBP_D_no_stiff
446,11,19.204607410922616,22.001429748084213,0.020343502947307045,12.219183599155242,13.016063212936059,0.6360076003244279,ref_DBP,groupkfold,10,ols,SinBP_D_fit_only
462,11,20.425100781222454,22.299229043539693,-0.30348862274639954,11.549280118048866,11.717733933320094,0.37956718687576996,ref_DBP,groupkfold,10,ols,SinBP_D_E_only
446,11,20.506774443567963,23.277365150051875,-0.05905653293646422,12.230887876536213,13.251002935979722,0.6588977087168433,ref_DBP,groupkfold,10,ridge,RTBP
455,11,19.477003921046126,23.89543450335188,-0.09467941416540322,10.564287139827025,10.851718769722703,0.7274843681656321,ref_DBP,groupkfold,10,ridge,SinBP_M
444,11,19.50710049550506,22.381336562903737,-0.031620354289105534,12.162956005538645,12.802360874004515,0.5839050198757285,ref_DBP,groupkfold,10,ridge,SinBP_D_full
444,11,19.481606723811083,22.347066987726215,-0.03840429223856895,12.111137754608253,12.730689695921091,0.5945136302441792,ref_DBP,groupkfold,10,ridge,SinBP_D_no_stiff
446,11,19.172583333283505,21.946618918902068,0.026401957704123978,12.236962570923776,12.992728107151551,0.6501111184588401,ref_DBP,groupkfold,10,ridge,SinBP_D_fit_only
462,11,20.426080399958416,22.292496317697392,-0.3034886227464015,11.544411578970188,11.715684612317837,0.37956718687577085,ref_DBP,groupkfold,10,ridge,SinBP_D_E_only
446,11,20.805354741103386,23.415751046387797,-0.08789238969278297,12.837568325208004,13.919754065974729,0.7378498037890369,ref_DBP,groupkfold,15,ols,RTBP
455,11,19.225783582782142,22.46684565760876,-0.04002388801748909,10.757502534366504,10.825134371578992,0.7866402425569587,ref_DBP,groupkfold,15,ols,SinBP_M
444,11,19.335994577920523,21.767468579943156,0.022070165039413246,11.998318131252288,12.502099698519128,0.6280448898398874,ref_DBP,groupkfold,15,ols,SinBP_D_full
444,11,19.296916922115365,21.742795033791786,0.010615462931368757,11.92575305035372,12.38780830963315,0.6383035383194569,ref_DBP,groupkfold,15,ols,SinBP_D_no_stiff
446,11,18.98935876050366,21.30674692123346,0.07697399835911464,12.064618491842255,12.656464448018234,0.6936971092236789,ref_DBP,groupkfold,15,ols,SinBP_D_fit_only
462,11,20.90582650699323,22.70869441227257,-0.1523382572302269,11.600173844236588,11.816603723265574,0.4877128428768684,ref_DBP,groupkfold,15,ols,SinBP_D_E_only
446,11,20.843714643630165,23.396703182619497,-0.09191564318237902,12.785069472541505,13.820382884134336,0.736127239411014,ref_DBP,groupkfold,15,ridge,RTBP
455,11,19.241098997015204,22.430439778111975,-0.03955445009554468,10.755382201153262,10.818800095583716,0.7868343428144363,ref_DBP,groupkfold,15,ridge,SinBP_M
444,11,19.335282253996933,21.743790292620595,0.024190673732946654,12.008719049531098,12.48628024353409,0.6275311159619467,ref_DBP,groupkfold,15,ridge,SinBP_D_full
444,11,19.299520626944577,21.707625647121297,0.013174134439548757,11.954954241712922,12.409299597831916,0.6445436244860111,ref_DBP,groupkfold,15,ridge,SinBP_D_no_stiff
446,11,18.985135969070615,21.265514507126998,0.08558243710895128,12.1056260186115,12.691753774447841,0.710233679211471,ref_DBP,groupkfold,15,ridge,SinBP_D_fit_only
462,11,20.909471247091105,22.705125821765346,-0.15233825723022748,11.592949513996158,11.812823775209173,0.4877128428768684,ref_DBP,groupkfold,15,ridge,SinBP_D_E_only
446,11,20.934528604689508,23.85652394414662,-0.09491881217064553,13.070038012271668,14.648662201028088,0.7561175326401848,ref_DBP,groupkfold,20,ols,RTBP
455,11,18.527261624762208,21.179767245926115,0.10792146024529989,11.485663584351705,11.913032879572718,0.8829164055506009,ref_DBP,groupkfold,20,ols,SinBP_M
444,11,19.294986374672852,22.027438545518823,-0.05998511731291212,12.538649562329894,13.254543792777866,0.6829132258965851,ref_DBP,groupkfold,20,ols,SinBP_D_full
444,11,19.239933489157732,21.95572847358694,-0.06345247301015608,12.482570523210102,13.17313020755535,0.6945028340281314,ref_DBP,groupkfold,20,ols,SinBP_D_no_stiff
446,11,18.944616346208644,21.576669052894122,-0.009818418858502476,12.597241567612665,13.412482001751805,0.7330894127895697,ref_DBP,groupkfold,20,ols,SinBP_D_fit_only
462,11,20.979537774317116,22.832275230862134,-0.36865124147714556,11.766005231876909,11.912284423313526,0.44513715475428467,ref_DBP,groupkfold,20,ols,SinBP_D_E_only
446,11,20.958714695429258,23.821911298800114,-0.09800355589143754,13.012462759721439,14.524806152036888,0.75472550097956,ref_DBP,groupkfold,20,ridge,RTBP
455,11,18.57740958201847,21.189199675009114,0.10800245214550515,11.463382003957143,11.897541719311219,0.8831692420671795,ref_DBP,groupkfold,20,ridge,SinBP_M
444,11,19.26012012284404,21.97008703657869,-0.05615628888200053,12.543585713452963,13.224636973439104,0.6848082088049904,ref_DBP,groupkfold,20,ridge,SinBP_D_full
444,11,19.21593346702481,21.91880231828548,-0.061934319803672214,12.497782901021788,13.149882404519348,0.6984091250265873,ref_DBP,groupkfold,20,ridge,SinBP_D_no_stiff
446,11,18.904508081367133,21.531982755780568,-0.001985326466828452,12.6267769589653,13.39285288178305,0.7440040474044418,ref_DBP,groupkfold,20,ridge,SinBP_D_fit_only
462,11,20.979199254446716,22.8238685566654,-0.3686512414771452,11.760999796147859,11.909840955449077,0.44513715475428406,ref_DBP,groupkfold,20,ridge,SinBP_D_E_only
446,11,20.48602881093214,22.547149894968925,-0.05751145097520145,12.717259315731175,13.87526195046771,0.8713593544256365,ref_DBP,groupkfold,30,ols,RTBP
455,11,18.56747013807541,20.61461423394482,0.06102006159119422,11.196984016571365,11.775823874639602,0.8577506629942276,ref_DBP,groupkfold,30,ols,SinBP_M
444,11,18.820478176202137,20.069927744686897,0.22578288199673963,12.42136294932039,13.072802165033579,0.8894864591045416,ref_DBP,groupkfold,30,ols,SinBP_D_full
444,11,18.791155356796946,20.017629915808794,0.23690026184961077,12.310381351342864,12.94835813070345,0.8838121873996262,ref_DBP,groupkfold,30,ols,SinBP_D_no_stiff
446,11,18.598299257891462,19.80669467132546,0.2542319604001775,12.332775851499905,12.982966670902455,0.8980484221527513,ref_DBP,groupkfold,30,ols,SinBP_D_fit_only
462,11,20.626232912884625,22.184440059068553,-0.2662719666807621,11.562982979641856,11.908817241067537,0.5332179973824517,ref_DBP,groupkfold,30,ols,SinBP_D_E_only
446,11,20.522111553796446,22.536733294281525,-0.060879497890056936,12.666146014524887,13.773717494125993,0.8712838054956268,ref_DBP,groupkfold,30,ridge,RTBP
455,11,18.591074005812885,20.62878128844657,0.06175350503669012,11.193682084616722,11.766145204814707,0.8584896045791446,ref_DBP,groupkfold,30,ridge,SinBP_M
444,11,18.86497838374259,20.10340917041124,0.2342200546803348,12.369778408632332,13.022875694323915,0.8873419670399936,ref_DBP,groupkfold,30,ridge,SinBP_D_full
444,11,18.84209854048618,20.066666039156765,0.2356918262978704,12.27205511480622,12.906974619911672,0.8883321282410241,ref_DBP,groupkfold,30,ridge,SinBP_D_no_stiff
446,11,18.662331690942032,19.86539269479524,0.25436770845213286,12.276671864913496,12.92705138541711,0.9025590443895232,ref_DBP,groupkfold,30,ridge,SinBP_D_fit_only
462,11,20.62814598705905,22.180012531898026,-0.26627196668076125,11.555871381128918,11.901955066574564,0.5332179973824513,ref_DBP,groupkfold,30,ridge,SinBP_D_E_only
446,11,21.48809020870301,23.789377371060194,-0.014851124997450477,15.767277585709191,17.090292398060576,0.36898050285415407,ref_DBP,logo,0,ols,RTBP
455,11,18.50279153584808,20.587090953702145,0.05698061675833903,12.455591699807815,12.271604791593617,0.29870860983798886,ref_DBP,logo,0,ols,SinBP_M
444,11,19.554524139379115,22.038877252648252,-0.0038141310879005806,13.531321822390252,14.260258746362245,0.2971913365588404,ref_DBP,logo,0,ols,SinBP_D_full
444,11,19.44921400262257,21.917561979085953,0.0001703167270769705,13.439695962767917,14.188821184060838,0.30181648756840374,ref_DBP,logo,0,ols,SinBP_D_no_stiff
446,11,19.390840265123337,21.853232839911026,0.005229718451725134,13.378479555600391,14.087061727580004,0.284321789020082,ref_DBP,logo,0,ols,SinBP_D_fit_only
462,11,20.482891169180988,21.49584170233654,-0.05291143894773001,13.456107840513011,13.178857846594637,0.27376853813688024,ref_DBP,logo,0,ols,SinBP_D_E_only
446,11,21.45726606111119,23.6924645645288,-0.01580922743502552,15.684449206174994,16.918265813880755,0.3696654680904849,ref_DBP,logo,0,ridge,RTBP
455,11,18.51378358742126,20.554133395803145,0.05742691711181139,12.462519759013333,12.275282194393148,0.29947483019150645,ref_DBP,logo,0,ridge,SinBP_M
444,11,19.452826897248922,21.896478869477,-0.0005261041659688177,13.442087673297578,14.175933965356887,0.2986326022566917,ref_DBP,logo,0,ridge,SinBP_D_full
444,11,19.39962087936927,21.834401326452532,-0.0002973225262839332,13.347644927361891,14.096237890762097,0.30074682308872136,ref_DBP,logo,0,ridge,SinBP_D_no_stiff
446,11,19.332161391761357,21.752083757526414,0.004941944520521898,13.262554484731615,13.974878805372333,0.2828850918709703,ref_DBP,logo,0,ridge,SinBP_D_fit_only
462,11,20.47297328452222,21.473880155998422,-0.05291143894772999,13.431843412106344,13.152170688332376,0.27376853813688057,ref_DBP,logo,0,ridge,SinBP_D_E_only
446,11,22.371574129960653,23.82680154040124,-0.047087486784242925,16.65360912603708,17.51679574884524,0.42868090441066325,ref_DBP,logo,5,ols,RTBP
455,11,18.986713782472503,21.205897562671474,0.05452425069837124,12.590232687716384,12.710085157945073,0.4007609294384827,ref_DBP,logo,5,ols,SinBP_M
444,11,19.584121748920065,21.415749492950365,-0.024412815560272704,13.312759534130455,13.900911163491516,0.40783183078886887,ref_DBP,logo,5,ols,SinBP_D_full
444,11,19.544727254332614,21.302371473399663,-0.007115662407737772,13.254773777761184,13.809532010810502,0.40751826407548836,ref_DBP,logo,5,ols,SinBP_D_no_stiff
446,11,19.21478320533814,20.9311107579332,-0.01612647112247885,13.25779240317623,13.810375584425353,0.40725389598410733,ref_DBP,logo,5,ols,SinBP_D_fit_only
462,11,20.871350637152492,21.691016938998658,-0.0982497583886944,13.358121079435064,13.128384129077684,0.41985646362783513,ref_DBP,logo,5,ols,SinBP_D_E_only
446,11,22.328349595520322,23.741142494446205,-0.0485130444555873,16.512334864541373,17.31691101114078,0.4285533945860727,ref_DBP,logo,5,ridge,RTBP
455,11,19.00419725522052,21.16983663157594,0.054780454223161884,12.584289795050015,12.66834045489384,0.40182523619898697,ref_DBP,logo,5,ridge,SinBP_M
444,11,19.53811075925076,21.29614190107944,-0.018850756150517203,13.259856060928387,13.78967859319416,0.4046338936676199,ref_DBP,logo,5,ridge,SinBP_D_full
444,11,19.525083381442265,21.26314978721693,-0.009134327380942046,13.21768801994519,13.741966277946634,0.4063361820131524,ref_DBP,logo,5,ridge,SinBP_D_no_stiff
446,11,19.20335225826769,20.905880348770776,-0.016877356740752587,13.215260017393827,13.736849886195435,0.406031191683161,ref_DBP,logo,5,ridge,SinBP_D_fit_only
462,11,20.85899052501703,21.669918521251947,-0.09824975838869396,13.334446530268911,13.102198647512378,0.4198564636278349,ref_DBP,logo,5,ridge,SinBP_D_E_only
446,11,22.300293699547037,23.3663091964448,-0.05101242368518047,16.817657409478556,17.490809843157358,0.5486279922389401,ref_DBP,logo,10,ols,RTBP
455,11,19.36644074403637,21.507545759184463,-0.15593222739375612,12.605166617320442,13.46288737637908,0.5871947308452745,ref_DBP,logo,10,ols,SinBP_M
444,11,19.805654821982507,21.43021971252226,-0.06617547972162094,14.036001219509478,14.726337625308773,0.5139295655903257,ref_DBP,logo,10,ols,SinBP_D_full
444,11,19.77072263849197,21.359368568947346,-0.05062726643441882,13.992764526508541,14.656028718333886,0.5051240370242797,ref_DBP,logo,10,ols,SinBP_D_no_stiff
446,11,19.50175672330565,21.06775983607935,-0.051729457211013186,14.00348786667519,14.7147958226203,0.5323693032065263,ref_DBP,logo,10,ols,SinBP_D_fit_only
462,11,20.800326977532237,21.42831580311869,-0.2544986439329999,13.50107508285405,13.212050472193404,0.567436353445199,ref_DBP,logo,10,ols,SinBP_D_E_only
446,11,22.26326947667894,23.302967036428537,-0.05265008493109376,16.692056610027336,17.321336829755317,0.5485089995748355,ref_DBP,logo,10,ridge,RTBP
455,11,19.38679488004673,21.474055365759813,-0.1557489034018979,12.596018361227454,13.379695491161382,0.5861628532116681,ref_DBP,logo,10,ridge,SinBP_M
444,11,19.754317560319052,21.349879171854568,-0.06677940723931437,13.995648553815416,14.632885647605647,0.5111403873665198,ref_DBP,logo,10,ridge,SinBP_D_full
444,11,19.727622509624414,21.313448956812945,-0.051826791990378256,13.94292055229851,14.568213131425232,0.5031253131404108,ref_DBP,logo,10,ridge,SinBP_D_no_stiff
446,11,19.453766787832592,21.020535000090916,-0.05515292419185651,13.93843838035589,14.610607136308365,0.5273034862605468,ref_DBP,logo,10,ridge,SinBP_D_fit_only
462,11,20.78724433999766,21.41128047215994,-0.254498643932996,13.47714376571044,13.188395636755404,0.5674363534451977,ref_DBP,logo,10,ridge,SinBP_D_E_only
446,11,22.7282967702161,23.695575453770292,-0.3994340060748499,18.04224793838706,18.649265434151253,0.46756040437423274,ref_DBP,logo,15,ols,RTBP
455,11,18.940592870981806,20.232400624108664,-0.07911412154129586,12.802297940903935,12.746096042210517,0.639884122884735,ref_DBP,logo,15,ols,SinBP_M
444,11,19.210039195170914,20.268918295934448,-0.2278241238643033,13.225463564216716,13.47746958799452,0.5013621308039244,ref_DBP,logo,15,ols,SinBP_D_full
444,11,19.16828185099226,20.240748342154525,-0.2153297667379677,13.176701190882149,13.431004692931568,0.4973883734397748,ref_DBP,logo,15,ols,SinBP_D_no_stiff
446,11,18.91000577600765,19.93534738075491,-0.22396258059120056,13.217724904884252,13.47401302872924,0.534817316813203,ref_DBP,logo,15,ols,SinBP_D_fit_only
462,11,20.797981331783888,21.38743764571129,-0.031995174396475055,13.393574816473642,13.149089968990053,0.5101826810777611,ref_DBP,logo,15,ols,SinBP_D_E_only
446,11,22.67796135236504,23.628831738718496,-0.401306010140247,17.854634016840446,18.42934169130509,0.46619076685078764,ref_DBP,logo,15,ridge,RTBP
455,11,18.973825672263647,20.2383342212821,-0.08189982711832627,12.79557494824508,12.725660633755103,0.6385481673024692,ref_DBP,logo,15,ridge,SinBP_M
444,11,19.195646076722785,20.250018291327113,-0.23478749628840226,13.229899461342777,13.462824539596996,0.49965271040409076,ref_DBP,logo,15,ridge,SinBP_D_full
444,11,19.16662793086022,20.224604154053807,-0.21790283226910914,13.178724776843975,13.40476863893106,0.4973145278827052,ref_DBP,logo,15,ridge,SinBP_D_no_stiff
446,11,18.911458610361453,19.925233797316285,-0.230934470995058,13.223377746295585,13.446660148523973,0.5343801048013174,ref_DBP,logo,15,ridge,SinBP_D_fit_only
462,11,20.791261816621958,21.376340824722266,-0.031995174396486976,13.37638023744894,13.131968854729022,0.5101826810777513,ref_DBP,logo,15,ridge,SinBP_D_E_only
446,11,22.280769493739204,23.413012034523117,-0.46495853278693855,17.668311096471232,18.414860570291836,0.7537899874670162,ref_DBP,logo,20,ols,RTBP
455,11,18.137159838582317,18.976305729108145,-0.41761296404182974,13.142255185386507,13.248976789368882,0.7160304166166892,ref_DBP,logo,20,ols,SinBP_M
444,11,18.961083098491585,20.54560915985458,-0.4122652974592601,14.221197330282969,14.74017719353279,0.6894424417115527,ref_DBP,logo,20,ols,SinBP_D_full
444,11,18.91722524794468,20.471081328351126,-0.4112111753202386,14.168210782416146,14.662991999457097,0.6778824408697774,ref_DBP,logo,20,ols,SinBP_D_no_stiff
446,11,18.655588242385274,20.206716392216727,-0.41241624680709016,14.18486738745384,14.702413593489203,0.6517052184578255,ref_DBP,logo,20,ols,SinBP_D_fit_only
462,11,20.725760508490467,21.33774456906588,-0.19393547869119407,13.753891131809842,13.433838318407537,0.7386359393718588,ref_DBP,logo,20,ols,SinBP_D_E_only
446,11,22.23341929536451,23.339765147212532,-0.46563738764953055,17.496436096410413,18.19783560654044,0.7530218245773409,ref_DBP,logo,20,ridge,RTBP
455,11,18.185206141397064,19.009073488591454,-0.4183348105711353,13.133086525869194,13.227668988218356,0.71613141099049,ref_DBP,logo,20,ridge,SinBP_M
444,11,18.914813909899333,20.482716427534232,-0.4163211182143641,14.195178741080278,14.66467586045138,0.6856791907091876,ref_DBP,logo,20,ridge,SinBP_D_full
444,11,18.8750626250834,20.44067809762317,-0.4105063049438499,14.135636708633491,14.588336474887612,0.6747500821054775,ref_DBP,logo,20,ridge,SinBP_D_no_stiff
446,11,18.601966760107494,20.177302676225125,-0.4110688708461302,14.14120969140904,14.608004976541588,0.6494648202882218,ref_DBP,logo,20,ridge,SinBP_D_fit_only
462,11,20.71329033894098,21.321667082350594,-0.19393547869119104,13.728686678082457,13.408309801161872,0.7386359393718611,ref_DBP,logo,20,ridge,SinBP_D_E_only
446,11,18.8364427723317,19.604802976672943,-0.4,14.825494060512996,15.9543745972627,0.9660917830792958,ref_DBP,logo,30,ols,RTBP
455,11,17.098662567317888,17.50020757245098,-0.4,13.075412591004005,13.09706969697548,0.9660917830792958,ref_DBP,logo,30,ols,SinBP_M
444,11,16.959260199060985,17.223747237265748,-0.6,13.051672409486919,13.104702495623284,0.8432740427115679,ref_DBP,logo,30,ols,SinBP_D_full
444,11,16.89676959190319,17.145747704065645,-0.4,12.927131958956116,12.97906042336819,0.9660917830792958,ref_DBP,logo,30,ols,SinBP_D_no_stiff
446,11,16.74717342669301,16.995029189730634,-0.4,12.922467337801876,12.978356417089119,0.9660917830792958,ref_DBP,logo,30,ols,SinBP_D_fit_only
462,11,18.44616291512625,18.794299605735944,-0.4,12.285481458347604,12.23199745854034,0.9660917830792958,ref_DBP,logo,30,ols,SinBP_D_E_only
446,11,18.80732804871668,19.55452702628656,-0.2,14.645842095347101,15.721839177159493,1.0327955589886444,ref_DBP,logo,30,ridge,RTBP
455,11,17.125317005755015,17.51847859806432,-0.39999999999999997,13.04825338349799,13.074038607658403,0.9660917830792958,ref_DBP,logo,30,ridge,SinBP_M
444,11,16.961235292622877,17.21470107691025,-0.6,13.003305893696666,13.056096316219712,0.8432740427115679,ref_DBP,logo,30,ridge,SinBP_D_full
444,11,16.93185049515729,17.1784953677686,-0.4,12.893037905233895,12.945063653788006,0.9660917830792959,ref_DBP,logo,30,ridge,SinBP_D_no_stiff
446,11,16.80510954784784,17.049033091483324,-0.4,12.884397963245359,12.940617177090818,0.9660917830792958,ref_DBP,logo,30,ridge,SinBP_D_fit_only
462,11,18.43921358934799,18.784628243891678,-0.4,12.261121512567344,12.207214732651565,0.9660917830792958,ref_DBP,logo,30,ridge,SinBP_D_E_only
