経過時間_秒, A, HR, V2P_relTTP, P2V_relTTP, E, A_used, HR_used, V2P_relTTP_used, P2V_relTTP_used, E_used, SBP, DBP, Mean, Phi, sinPhi, cosPhi, fit_a, fit_b, IBI_current_ms, IBI_smoothed_ms, used_smoothed_ibi, beat_sample_count, beat_min, beat_max, beat_range, beat_std, systole_ratio, diastole_ratio, SBP_raw, DBP_raw, SBP_attempt_final, DBP_attempt_final, constraint_applied, clamp_applied, feature_clamp_applied, output_valid, feature_clamp_reason, reject_reason
0.010, 6.5160, 0.0000, -0.9500, -0.5746, 2.7861, 0.0000, 0.0000, 0.0000, 0.0000, 0.0000, 90.38, 57.94, 3.7424, 2.6307, 0.4890, -0.8723, -2.6927, 1.5093, 703.0000, 527.9934, 1, 22, 0.3444, 6.8891, 6.5446, 2.2108, 0.6202, 0.3798, 0.00, 0.00, 0.00, 0.00, 0, 0, 0, 0, ok, rel_ttp_sum_out_of_range
0.139, 6.5160, 0.0000, -0.9500, -0.5746, 2.7861, 0.0000, 0.0000, 0.0000, 0.0000, 0.0000, 90.38, 57.94, 3.7424, 2.6307, 0.4890, -0.8723, -2.6927, 1.5093, 703.0000, 527.9934, 1, 22, 0.3444, 6.8891, 6.5446, 2.2108, 0.6202, 0.3798, 0.00, 0.00, 0.00, 0.00, 0, 0, 0, 0, ok, rel_ttp_sum_out_of_range
0.772, 0.6383, 105.5232, -0.9500, -0.6834, 1.1708, 1.3961, 105.5232, -0.2929, -0.6834, 1.1708, 90.38, 57.94, 1.8780, 1.7912, 0.9758, -0.2187, -0.2206, 0.9843, 504.0000, 401.4983, 1, 16, 0.3731, 5.3919, 5.0188, 1.2611, 0.6607, 0.3393, 0.00, 0.00, 0.00, 0.00, 0, 0, 1, 0, A:0.6383->1.3961|HR:149.4402->105.5232, feature_support_violation
1.375, 9.1491, 0.0000, -0.6256, -0.4171, 4.2025, 0.0000, 0.0000, 0.0000, 0.0000, 0.0000, 90.38, 57.94, 3.3443, 2.6747, 0.4501, -0.8930, -3.5518, 1.7903, 637.0000, 517.2492, 1, 20, 0.4767, 9.5401, 9.0634, 3.2619, 0.5793, 0.4207, 0.00, 0.00, 0.00, 0.00, 0, 0, 0, 0, ok, rel_ttp_sum_out_of_range
1.945, 9.5064, 105.5232, -0.2189, -0.7114, 4.2867, 5.0983, 105.5232, -0.6256, -0.4171, 4.2867, 90.38, 57.94, 5.0245, 2.4880, 0.6080, -0.7939, -3.7541, 2.8749, 633.0000, 560.1246, 1, 20, 0.3911, 9.8157, 9.4246, 3.3921, 0.5877, 0.4123, 0.00, 0.00, 0.00, 0.00, 0, 0, 1, 0, A:9.5064->5.0983|HR:107.1190->105.5232, feature_support_violation
2.810, 1.5852, 105.5232, -0.2895, -0.6947, 2.3781, 1.5852, 105.5232, -0.2707, -0.7114, 2.3781, 90.38, 57.94, 3.7754, 0.9457, 0.8109, 0.5852, 1.7163, 2.3784, 602.0000, 565.0623, 1, 19, 0.3092, 8.9228, 8.6135, 2.5023, 0.4568, 0.5432, 0.00, 0.00, 0.00, 0.00, 0, 0, 1, 0, HR:106.1830->105.5232|V2P_relTTP:-0.2189->-0.2707, feature_support_violation
3.348, 1.5852, 0.0000, -0.1908, -0.7249, 2.3781, 0.0000, 0.0000, 0.0000, 0.0000, 0.0000, 90.38, 57.94, 3.7754, 1.3631, 0.9785, 0.2062, 0.1414, 0.6709, 832.0000, 0.0000, 0, 26, 0.1963, 2.6974, 2.5011, 0.6659, 0.7548, 0.2452, 0.00, 0.00, 0.00, 0.00, 0, 0, 0, 0, ok, rapid_ibi_change
3.976, 0.5863, 0.0000, -0.6760, -0.7374, 2.2127, 0.0000, 0.0000, 0.0000, 0.0000, 0.0000, 90.38, 57.94, 3.3247, 3.2211, -0.0794, -0.9968, -2.6621, -0.2121, 607.0000, 626.0156, 1, 19, 0.2573, 6.6620, 6.4047, 2.1526, 0.8929, 0.1071, 0.00, 0.00, 0.00, 0.00, 0, 0, 0, 0, ok, rel_ttp_sum_out_of_range
4.517, 2.7122, 0.0000, -0.5231, -0.7870, 2.8529, 0.0000, 0.0000, 0.0000, 0.0000, 0.0000, 90.38, 57.94, 7.9433, 3.4018, -0.2573, -0.9663, -2.1806, -0.5805, 535.0000, 627.5078, 1, 17, 5.0449, 9.9561, 4.9113, 1.8034, 0.3333, 0.6667, 0.00, 0.00, 0.00, 0.00, 0, 0, 0, 0, ok, rel_ttp_sum_out_of_range
5.149, 2.5895, 0.0000, -0.6710, -0.3660, 1.1197, 0.0000, 0.0000, 0.0000, 0.0000, 0.0000, 90.38, 57.94, 8.8029, 2.5934, 0.5211, -0.8535, -1.0038, 0.6129, 629.0000, 584.2539, 1, 20, 7.2439, 9.9318, 2.6879, 0.8652, 0.5803, 0.4197, 0.00, 0.00, 0.00, 0.00, 0, 0, 0, 0, ok, rel_ttp_sum_out_of_range
5.750, 4.4610, 98.6636, -0.5744, -0.4177, 1.0051, 4.4610, 98.6636, -0.6710, -0.3660, 1.0051, 69.93, 41.92, 8.7946, 2.2840, 0.7562, -0.6543, -0.7029, 0.8124, 530.0000, 608.1269, 1, 17, 7.3423, 9.8888, 2.5465, 0.8159, 0.5472, 0.4528, 69.93, 41.92, 69.93, 41.92, 0, 0, 0, 1, ok, ok
6.325, 5.1963, 99.3273, -0.6050, -0.3850, 1.8743, 5.0983, 99.3273, -0.5744, -0.4177, 1.8743, 86.92, 59.73, 7.8435, 2.3218, 0.7310, -0.6824, -1.4464, 1.5494, 636.0000, 604.0635, 1, 20, 5.4278, 9.8371, 4.4093, 1.5271, 0.5660, 0.4340, 86.92, 59.73, 86.92, 59.73, 0, 0, 1, 1, A:5.1963->5.0983, ok
6.951, 9.0800, 101.6894, -0.6875, -0.3438, 2.1817, 5.0983, 101.6894, -0.6050, -0.3850, 2.1817, 88.61, 60.89, 7.4200, 2.4093, 0.6686, -0.7436, -1.9109, 1.7182, 605.0000, 590.0317, 1, 19, 4.6407, 9.7971, 5.1564, 1.8358, 0.6132, 0.3868, 88.61, 60.89, 88.61, 60.89, 0, 0, 1, 1, A:9.0800->5.0983, ok
7.619, 7.5596, 98.7629, -0.6336, -0.6864, 2.9072, 5.0983, 98.7629, -0.6875, -0.3438, 2.9072, 94.54, 61.61, 5.4366, 1.9576, 0.9261, -0.3772, -1.2940, 3.1772, 572.0000, 607.5159, 1, 18, 0.7171, 8.9874, 8.2703, 2.5555, 0.5315, 0.4685, 94.54, 61.61, 94.54, 61.61, 0, 0, 1, 1, A:7.5596->5.0983, ok
8.228, 3.9840, 0.0000, -0.5426, -0.6413, 1.9672, 0.0000, 0.0000, 0.0000, 0.0000, 0.0000, 94.54, 61.61, 3.1711, 1.6291, 0.9983, -0.0583, -0.1330, 2.2783, 644.0000, 638.2579, 1, 20, 0.3810, 7.3073, 6.9262, 1.9332, 0.5233, 0.4767, 0.00, 0.00, 0.00, 0.00, 0, 0, 0, 0, ok, rel_ttp_sum_out_of_range
8.960, 3.4253, 0.0000, -0.5961, -0.3793, 1.4089, 0.0000, 0.0000, 0.0000, 0.0000, 0.0000, 94.54, 61.61, 2.3576, 2.2825, 0.7572, -0.6532, -0.9886, 1.1460, 657.0000, 623.6290, 1, 21, 0.2963, 3.9258, 3.6295, 1.1543, 0.5479, 0.4521, 0.00, 0.00, 0.00, 0.00, 0, 0, 0, 0, ok, rel_ttp_sum_out_of_range
9.592, 5.3351, 88.5198, -0.3156, -0.4959, 2.2182, 5.0983, 88.5198, -0.5961, -0.3793, 2.2182, 91.59, 58.52, 3.2011, 2.5192, 0.5830, -0.8125, -1.9680, 1.4121, 604.0000, 677.8145, 1, 19, 0.5005, 5.7559, 5.2554, 1.7794, 0.6010, 0.3990, 91.59, 58.52, 91.59, 58.52, 0, 0, 1, 1, A:5.3351->5.0983, ok
10.097, 6.2950, 91.6160, -0.3655, -0.6266, 3.0262, 5.0983, 91.6160, -0.3156, -0.4959, 3.0262, 114.84, 87.46, 4.1516, 2.7929, 0.3417, -0.9398, -3.1316, 1.1385, 739.0000, 654.9072, 1, 23, 0.4208, 7.8722, 7.4514, 2.3710, 0.6468, 0.3532, 114.84, 87.46, 114.84, 87.46, 0, 0, 1, 1, A:6.2950->5.0983, ok
10.733, 6.2950, 103.4565, -0.7842, -0.3267, 3.6728, 5.0983, 103.4565, -0.3655, -0.6266, 3.6728, 122.37, 96.37, 6.7188, 3.3443, -0.2014, -0.9795, -3.8730, -0.7962, 625.0000, 579.9536, 1, 20, 1.5772, 9.9338, 8.3567, 3.0214, 0.7920, 0.2080, 122.37, 96.37, 122.37, 96.37, 0, 0, 1, 1, A:6.2950->5.0983, ok
11.330, 8.0889, 98.6880, -0.5189, -0.3632, 0.6702, 5.0983, 98.6880, -0.7842, -0.3267, 0.6702, 61.31, 40.00, 8.8790, 2.1037, 0.8614, -0.5080, -0.3536, 0.5996, 505.0000, 607.9768, 1, 16, 7.8833, 9.7915, 1.9082, 0.5767, 0.5386, 0.4614, 61.31, 32.28, 61.31, 40.00, 0, 1, 1, 1, A:8.0889->5.0983, ok
11.961, 9.2108, 99.5870, -0.6064, -0.4422, 3.1776, 5.0983, 99.5870, -0.5189, -0.3632, 3.1776, 104.71, 75.56, 6.4853, 2.3047, 0.7426, -0.6698, -2.4755, 2.7444, 636.0000, 602.4884, 1, 20, 1.7027, 9.8110, 8.1084, 2.6971, 0.5881, 0.4119, 104.71, 75.56, 104.71, 75.56, 0, 0, 1, 1, A:9.2108->5.0983, ok
12.600, 9.0950, 97.2851, -0.5230, -0.4184, 3.8592, 5.0983, 97.2851, -0.6064, -0.4422, 3.8592, 112.56, 78.03, 5.8006, 2.4768, 0.6169, -0.7870, -3.5102, 2.7514, 608.0000, 616.7442, 1, 19, 0.6002, 9.7452, 9.1450, 3.2040, 0.6151, 0.3849, 112.56, 78.03, 112.56, 78.03, 0, 0, 1, 1, A:9.0950->5.0983, ok
13.203, 8.5868, 95.5609, -0.5164, -0.4648, 3.3461, 5.0983, 95.5609, -0.5230, -0.4184, 3.3461, 108.74, 77.13, 5.5213, 2.3711, 0.6965, -0.7176, -2.7646, 2.6833, 633.0000, 627.8721, 1, 20, 0.6502, 9.0702, 8.4200, 2.8210, 0.5956, 0.4044, 108.74, 77.13, 108.74, 77.13, 0, 0, 1, 1, A:8.5868->5.0983, ok
13.869, 9.1654, 97.8895, -0.6070, -0.4415, 4.0516, 5.0983, 97.8895, -0.5164, -0.4648, 4.0516, 118.87, 86.24, 5.0525, 2.5965, 0.5185, -0.8551, -3.9281, 2.3820, 624.0000, 612.9361, 1, 20, 0.4834, 9.8583, 9.3749, 3.2999, 0.6362, 0.3638, 118.87, 86.24, 118.87, 86.24, 0, 0, 1, 1, A:9.1654->5.0983, ok
14.467, 8.2796, 93.4626, -0.4426, -0.4426, 3.3789, 5.0983, 93.4626, -0.6070, -0.4415, 3.3789, 106.92, 72.13, 5.6901, 2.1814, 0.8193, -0.5734, -2.2651, 3.2368, 607.0000, 641.9680, 1, 19, 0.6929, 8.9527, 8.2598, 2.8934, 0.5651, 0.4349, 106.92, 72.13, 106.92, 72.13, 0, 0, 1, 1, A:8.2796->5.0983, ok
15.172, 8.6457, 96.7767, -0.5518, -0.4967, 3.6640, 5.0983, 96.7767, -0.4426, -0.4426, 3.6640, 116.26, 86.21, 5.1586, 2.5534, 0.5548, -0.8320, -3.3947, 2.2640, 666.0000, 619.9840, 1, 21, 0.5544, 9.1657, 8.6113, 2.9403, 0.6051, 0.3949, 116.26, 86.21, 116.26, 86.21, 0, 0, 1, 1, A:8.6457->5.0983, ok
15.713, 6.6672, 90.5671, -0.3277, -0.5135, 2.8400, 5.0983, 90.5671, -0.5518, -0.4967, 2.8400, 103.74, 70.46, 4.2077, 2.6257, 0.4933, -0.8699, -2.8827, 1.6348, 601.0000, 662.4920, 1, 19, 0.5200, 7.0449, 6.5249, 2.3762, 0.6556, 0.3444, 103.74, 70.46, 103.74, 70.46, 0, 0, 1, 1, A:6.6672->5.0983, ok
16.341, 7.0187, 99.7928, -0.6111, -0.5500, 3.0764, 5.0983, 99.7928, -0.3277, -0.5135, 3.0764, 114.02, 89.54, 4.1550, 2.9450, 0.1954, -0.9807, -3.2283, 0.6431, 703.0000, 601.2460, 1, 22, 0.3777, 7.5050, 7.1273, 2.3785, 0.6615, 0.3385, 114.02, 89.54, 114.02, 89.54, 0, 0, 1, 1, A:7.0187->5.0983, ok
16.972, 7.7419, 97.5415, -0.4722, -0.4706, 3.6022, 5.0983, 97.5415, -0.6111, -0.5500, 3.6022, 111.49, 77.27, 4.5926, 3.1384, 0.0032, -1.0000, -4.0443, 0.0128, 531.0000, 615.1230, 1, 17, 0.4864, 8.2980, 7.8117, 2.8575, 0.7476, 0.2524, 111.49, 77.27, 111.49, 77.27, 0, 0, 1, 1, A:7.7419->5.0983, ok
17.547, 7.8456, 96.2987, -0.4168, -0.5230, 3.6126, 5.0983, 96.2987, -0.4722, -0.4706, 3.6126, 115.21, 84.26, 4.5392, 2.8036, 0.3316, -0.9434, -3.6272, 1.2748, 638.0000, 623.0615, 1, 20, 0.5562, 8.2976, 7.7414, 2.7227, 0.6238, 0.3762, 115.21, 84.26, 115.21, 84.26, 0, 0, 1, 1, A:7.8456->5.0983, ok
18.143, 7.5869, 100.1618, -0.4574, -0.5165, 3.3284, 5.0983, 100.1618, -0.4168, -0.5230, 3.3284, 114.12, 86.79, 4.6040, 2.9504, 0.1900, -0.9818, -3.6021, 0.6971, 638.0000, 599.0308, 1, 20, 0.4520, 8.0918, 7.6399, 2.6159, 0.6818, 0.3182, 114.12, 86.79, 114.12, 86.79, 0, 0, 1, 1, A:7.5869->5.0983, ok
18.816, 7.5869, 100.1618, -0.5546, -0.4437, 3.3284, 5.0983, 100.1618, -0.4168, -0.5230, 3.3284, 114.12, 86.79, 4.6040, 2.9504, 0.1900, -0.9818, -3.6021, 0.6971, 638.0000, 599.0308, 1, 20, 0.4520, 8.0918, 7.6399, 2.6159, 0.6818, 0.3182, 114.12, 86.79, 114.12, 86.79, 0, 0, 1, 1, A:7.5869->5.0983, ok
19.420, 9.2375, 94.4127, -0.4407, -0.4881, 3.9473, 5.0983, 94.4127, -0.5546, -0.4437, 3.9473, 116.20, 81.52, 5.2450, 2.9372, 0.2030, -0.9792, -4.7462, 0.9840, 687.0000, 635.5077, 1, 18, 0.5050, 9.8091, 9.3041, 3.4554, 0.7715, 0.2285, 116.20, 81.52, 116.20, 81.52, 0, 0, 1, 1, A:9.2375->5.0983, ok
19.986, 9.2375, 0.0000, -0.4917, -0.4917, 3.9473, 0.0000, 0.0000, 0.0000, 0.0000, 0.0000, 116.20, 81.52, 5.2450, 0.9795, 0.8302, 0.5575, 1.4388, 2.1427, 1149.0000, 0.0000, 0, 35, 0.4950, 9.7325, 9.2375, 2.7752, 0.3777, 0.6223, 0.00, 0.00, 0.00, 0.00, 0, 0, 0, 0, ok, rapid_ibi_change
20.623, 8.4803, 101.2869, -0.5841, -0.4673, 3.7455, 5.0983, 101.2869, -0.4917, -0.4917, 3.7455, 115.83, 86.01, 5.1277, 2.8262, 0.3102, -0.9507, -3.9881, 1.3015, 600.0000, 592.3769, 1, 19, 0.5167, 9.0453, 8.5286, 2.9661, 0.6667, 0.3333, 115.83, 86.01, 115.83, 86.01, 0, 0, 1, 1, A:8.4803->5.0983, ok
21.218, 9.0589, 97.5311, -0.5690, -0.4655, 4.0416, 5.0983, 97.5311, -0.5841, -0.4673, 4.0416, 116.32, 81.85, 5.5229, 2.6883, 0.4379, -0.8990, -4.1426, 2.0179, 567.0000, 615.1885, 1, 18, 0.5649, 9.7818, 9.2169, 3.2670, 0.6526, 0.3474, 116.32, 81.85, 116.32, 81.85, 0, 0, 1, 1, A:9.0589->5.0983, ok
21.924, 8.9518, 99.2401, -0.6111, -0.3889, 3.7546, 5.0983, 99.2401, -0.5690, -0.4655, 3.7546, 112.80, 80.24, 5.8998, 2.4681, 0.6237, -0.7816, -3.4791, 2.7762, 642.0000, 604.5942, 1, 20, 0.7229, 9.8071, 9.0842, 3.1954, 0.6293, 0.3707, 112.80, 80.24, 112.80, 80.24, 0, 0, 1, 1, A:8.9518->5.0983, ok
22.499, 8.7624, 91.4917, -0.4201, -0.4668, 3.3936, 5.0983, 91.4917, -0.6111, -0.3889, 3.3936, 106.08, 70.52, 5.8164, 2.3028, 0.7439, -0.6683, -2.5411, 2.8284, 593.0000, 655.7971, 1, 19, 0.8553, 9.1577, 8.3024, 2.7866, 0.5632, 0.4368, 106.08, 70.52, 106.08, 70.52, 0, 0, 1, 1, A:8.7624->5.0983, ok
23.094, 8.5765, 97.4978, -0.5739, -0.4591, 3.6184, 5.0983, 97.4978, -0.4201, -0.4668, 3.6184, 116.95, 87.81, 4.9422, 2.5588, 0.5504, -0.8349, -3.4865, 2.2984, 706.0000, 615.3986, 1, 22, 0.3953, 9.2532, 8.8579, 2.9688, 0.6275, 0.3725, 116.95, 87.81, 116.95, 87.81, 0, 0, 1, 1, A:8.5765->5.0983, ok
23.726, 8.8251, 99.1409, -0.6101, -0.4437, 3.6674, 5.0983, 99.1409, -0.5739, -0.4591, 3.6674, 111.35, 78.88, 5.5907, 2.7301, 0.4000, -0.9165, -3.7829, 1.6508, 573.0000, 605.1993, 1, 18, 0.6767, 9.5045, 8.8278, 2.9364, 0.6510, 0.3490, 111.35, 78.88, 111.35, 78.88, 0, 0, 1, 1, A:8.8251->5.0983, ok
24.393, 9.1855, 96.9933, -0.5222, -0.4177, 4.0648, 5.0983, 96.9933, -0.6101, -0.4437, 4.0648, 115.20, 79.86, 5.6193, 2.6013, 0.5144, -0.8575, -3.8838, 2.3298, 588.0000, 618.5996, 1, 19, 0.6795, 9.7954, 9.1159, 3.2227, 0.6156, 0.3844, 115.20, 79.86, 115.20, 79.86, 0, 0, 1, 1, A:9.1855->5.0983, ok
24.958, 8.9099, 93.3417, -0.4438, -0.4948, 3.5390, 5.0983, 93.3417, -0.5222, -0.4177, 3.5390, 111.67, 78.61, 5.7636, 2.2764, 0.7612, -0.6485, -2.6317, 3.0892, 640.0000, 642.7998, 1, 20, 0.6099, 9.4049, 8.7950, 2.9498, 0.5688, 0.4313, 111.67, 78.61, 111.67, 78.61, 0, 0, 1, 1, A:8.9099->5.0983, ok
25.525, 5.3574, 99.3542, -0.5841, -0.4673, 3.9511, 5.0983, 99.3542, -0.4438, -0.4948, 3.9511, 120.73, 90.72, 6.0407, 2.6695, 0.4547, -0.8906, -4.0257, 2.0554, 670.0000, 603.8999, 1, 21, 0.4950, 9.8223, 9.3273, 3.2473, 0.6478, 0.3522, 120.73, 90.72, 120.73, 90.72, 0, 0, 1, 1, A:5.3574->5.0983, ok
26.231, 5.7423, 102.5729, -0.5830, -0.4081, 2.2729, 5.0983, 102.5729, -0.5841, -0.4673, 2.2729, 92.34, 64.96, 7.3493, 2.5737, 0.5378, -0.8431, -2.2281, 1.4214, 566.0000, 584.9500, 1, 18, 4.4649, 9.8334, 5.3685, 1.8823, 0.6413, 0.3587, 92.34, 64.96, 92.34, 64.96, 0, 0, 1, 1, A:5.7423->5.0983, ok
26.796, 5.7423, 92.9548, -0.4674, -0.4207, 2.2747, 5.0983, 92.9548, -0.5830, -0.4081, 2.2747, 92.71, 61.56, 6.9650, 2.3219, 0.7310, -0.6824, -1.7761, 1.9024, 568.0000, 645.4750, 1, 18, 4.0910, 9.6342, 5.5431, 1.8684, 0.5775, 0.4225, 92.71, 61.56, 92.71, 61.56, 0, 0, 1, 1, A:5.7423->5.0983, ok
27.436, 5.5130, 99.4633, -0.6471, -0.4118, 3.9480, 5.0983, 99.4633, -0.4674, -0.4207, 3.9480, 118.06, 87.78, 5.7668, 2.3432, 0.7162, -0.6979, -3.1254, 3.2077, 701.0000, 603.2375, 1, 22, 0.4824, 9.8998, 9.4174, 3.2250, 0.5706, 0.4294, 118.06, 87.78, 118.06, 87.78, 0, 0, 1, 1, A:5.5130->5.0983, ok
28.094, 5.3459, 96.1356, -0.5628, -0.4093, 2.3355, 5.0983, 96.1356, -0.6471, -0.4118, 2.3355, 90.63, 59.00, 7.2383, 2.3330, 0.7233, -0.6905, -1.8706, 1.9595, 572.0000, 624.1187, 1, 18, 4.3868, 9.8107, 5.4239, 1.9407, 0.5892, 0.4108, 90.63, 59.00, 90.63, 59.00, 0, 0, 1, 1, A:5.3459->5.0983, ok
28.744, 9.3349, 93.5951, -0.5015, -0.4514, 2.0590, 5.0983, 93.5951, -0.5628, -0.4093, 2.0590, 90.57, 60.80, 7.3086, 2.2052, 0.8054, -0.5927, -1.4596, 1.9836, 631.0000, 641.0594, 1, 20, 4.4648, 9.7499, 5.2851, 1.7961, 0.5848, 0.4152, 90.57, 60.80, 90.57, 60.80, 0, 0, 1, 1, A:9.3349->5.0983, ok
29.369, 9.0695, 92.9469, -0.5077, -0.4569, 3.6233, 5.0983, 92.9469, -0.5015, -0.4514, 3.6233, 114.39, 81.33, 5.4857, 2.4034, 0.6730, -0.7397, -3.0960, 2.8168, 664.0000, 645.5297, 1, 21, 0.4150, 9.5205, 9.1056, 3.0179, 0.5979, 0.4021, 114.39, 81.33, 114.39, 81.33, 0, 0, 1, 1, A:9.0695->5.0983, ok
29.988, 8.9413, 94.4488, -0.5280, -0.4752, 3.5428, 5.0983, 94.4488, -0.5077, -0.4569, 3.5428, 112.98, 80.59, 5.4829, 2.5515, 0.5564, -0.8309, -3.4293, 2.2964, 646.0000, 635.2648, 1, 20, 0.4510, 9.4537, 9.0027, 2.9616, 0.6362, 0.3638, 112.98, 80.59, 112.98, 80.59, 0, 0, 1, 1, A:8.9413->5.0983, ok
30.609, 8.2343, 95.9030, -0.5893, -0.4286, 3.4787, 5.0983, 95.9030, -0.5280, -0.4752, 3.4787, 111.55, 79.37, 5.0634, 2.6376, 0.4829, -0.8757, -3.4217, 1.8870, 629.0000, 625.6324, 1, 20, 0.5124, 8.7643, 8.2519, 2.8097, 0.6296, 0.3704, 111.55, 79.37, 111.55, 79.37, 0, 0, 1, 1, A:8.2343->5.0983, ok
31.278, 9.2463, 96.0282, -0.5817, -0.4231, 4.2973, 5.0983, 96.0282, -0.5893, -0.4286, 4.2973, 118.83, 83.01, 5.1501, 2.6833, 0.4424, -0.8968, -4.1554, 2.0501, 615.0000, 624.8162, 1, 19, 0.5300, 9.7610, 9.2310, 3.3012, 0.6130, 0.3870, 118.83, 83.01, 118.83, 83.01, 0, 0, 1, 1, A:9.2463->5.0983, ok
31.847, 9.0788, 92.7489, -0.4439, -0.5426, 3.7302, 5.0983, 92.7489, -0.5817, -0.4231, 3.7302, 112.15, 76.78, 5.3303, 2.2650, 0.7686, -0.6398, -2.8018, 3.3659, 619.0000, 646.9081, 1, 20, 0.5147, 9.4816, 8.9669, 3.1393, 0.5784, 0.4216, 112.15, 76.78, 112.15, 76.78, 0, 0, 1, 1, A:9.0788->5.0983, ok
32.445, 9.0788, 92.7489, -0.6391, -0.4648, 3.7302, 5.0983, 92.7489, -0.5817, -0.4231, 3.7302, 112.15, 76.78, 5.3303, 2.2650, 0.7686, -0.6398, -2.8018, 3.3659, 619.0000, 646.9081, 1, 20, 0.5147, 9.4816, 8.9669, 3.1393, 0.5784, 0.4216, 112.15, 76.78, 112.15, 76.78, 0, 0, 1, 1, A:9.0788->5.0983, ok
33.121, 7.9455, 99.4650, -0.5509, -0.3856, 2.4514, 5.0983, 99.4650, -0.6391, -0.4648, 2.4514, 93.09, 62.53, 4.3535, 2.4816, 0.6131, -0.7900, -2.0432, 1.5856, 747.0000, 603.2270, 1, 23, 0.4027, 8.2070, 7.8042, 2.2598, 0.6399, 0.3601, 93.09, 62.53, 93.09, 62.53, 0, 0, 1, 1, A:7.9455->5.0983, ok
33.652, 7.9455, 0.0000, -0.3905, -0.4882, 2.4514, 0.0000, 0.0000, 0.0000, 0.0000, 0.0000, 93.09, 62.53, 4.3535, 4.9969, -0.9598, 0.2807, 0.2866, -0.9801, 1089.0000, 0.0000, 0, 34, 0.8285, 9.8158, 8.9874, 3.0807, 0.8788, 0.1212, 0.00, 0.00, 0.00, 0.00, 0, 0, 0, 0, ok, rapid_ibi_change
34.285, 7.2006, 102.5103, -0.4972, -0.4972, 2.9495, 5.0983, 102.5103, -0.3905, -0.4882, 2.9495, 108.94, 84.45, 5.0077, 2.5276, 0.5761, -0.8174, -2.8472, 2.0067, 676.0000, 585.3068, 1, 21, 0.6632, 7.9523, 7.2891, 2.5847, 0.6494, 0.3506, 108.94, 84.45, 108.94, 84.45, 0, 0, 1, 1, A:7.2006->5.0983, ok
34.882, 7.2006, 98.4974, -0.5213, -0.4692, 3.7382, 5.0983, 98.4974, -0.4972, -0.4972, 3.7382, 116.15, 85.02, 5.0970, 2.7700, 0.3631, -0.9317, -4.0973, 1.5968, 533.0000, 609.1534, 1, 17, 0.6857, 9.5932, 8.9074, 3.1090, 0.6979, 0.3021, 116.15, 85.02, 116.15, 85.02, 0, 0, 1, 1, A:7.2006->5.0983, ok
35.513, 8.6017, 99.5724, -0.5537, -0.4430, 3.4852, 5.0983, 99.5724, -0.5213, -0.4692, 3.4852, 111.10, 80.63, 5.2326, 2.5325, 0.5721, -0.8202, -3.3334, 2.3253, 630.0000, 602.5767, 1, 20, 0.6417, 9.1525, 8.5108, 2.9200, 0.6333, 0.3667, 111.10, 80.63, 111.10, 80.63, 0, 0, 1, 1, A:8.6017->5.0983, ok
36.060, 7.0929, 97.1993, -0.5206, -0.4699, 3.1519, 5.0983, 97.1993, -0.5537, -0.4430, 3.1519, 105.34, 74.09, 4.5583, 2.5831, 0.5299, -0.8481, -3.0097, 1.8807, 603.0000, 617.2883, 1, 19, 0.5508, 7.5442, 6.9934, 2.5424, 0.6202, 0.3798, 105.34, 74.09, 105.34, 74.09, 0, 0, 1, 1, A:7.0929->5.0983, ok
36.664, 7.0272, 103.1559, -0.4212, -0.3626, 3.6226, 5.0983, 103.1559, -0.5206, -0.4699, 3.6226, 112.31, 82.96, 4.7938, 2.6765, 0.4485, -0.8938, -3.6089, 1.8111, 640.0000, 581.6442, 1, 20, 0.4513, 8.7292, 8.2779, 2.8640, 0.6313, 0.3688, 112.31, 82.96, 112.31, 82.96, 0, 0, 1, 1, A:7.0272->5.0983, ok
37.289, 7.0272, 103.1559, -0.6000, -0.3273, 3.6226, 5.0983, 103.1559, -0.5206, -0.4699, 3.6226, 112.31, 82.96, 4.7938, 2.6765, 0.4485, -0.8938, -3.6089, 1.8111, 640.0000, 581.6442, 1, 20, 0.4513, 8.7292, 8.2779, 2.8640, 0.6313, 0.3688, 112.31, 82.96, 112.31, 82.96, 0, 0, 1, 1, A:7.0272->5.0983, ok
37.930, 8.6507, 98.5770, -0.5817, -0.4231, 3.0511, 5.0983, 98.5770, -0.6000, -0.3273, 3.0511, 99.36, 68.22, 5.7425, 2.6790, 0.4462, -0.8949, -3.4702, 1.7304, 718.0000, 608.6610, 1, 17, 1.7020, 9.6456, 7.9436, 2.7568, 0.7298, 0.2702, 99.36, 68.22, 99.36, 68.22, 0, 0, 1, 1, A:8.6507->5.0983, ok
38.523, 8.6507, 0.0000, -0.6168, -0.4112, 3.0511, 0.0000, 0.0000, 0.0000, 0.0000, 0.0000, 99.36, 68.22, 5.7425, 1.0786, 0.8813, 0.4725, 0.8234, 1.5357, 1047.0000, 0.0000, 0, 33, 0.5726, 9.6469, 9.0744, 2.9157, 0.3410, 0.6590, 0.00, 0.00, 0.00, 0.00, 0, 0, 0, 0, ok, rapid_ibi_change
39.164, 7.9256, 98.4954, -0.6121, -0.3339, 4.0538, 5.0983, 98.4954, -0.6168, -0.4112, 4.0538, 113.78, 79.05, 5.8779, 2.3948, 0.6793, -0.7339, -3.3251, 3.0778, 633.0000, 609.1653, 1, 20, 0.6311, 9.9475, 9.3164, 3.2598, 0.5735, 0.4265, 113.78, 79.05, 113.78, 79.05, 0, 0, 1, 1, A:7.9256->5.0983, ok
39.795, 9.1229, 95.9873, -0.6162, -0.4119, 2.9545, 5.0983, 95.9873, -0.6121, -0.3339, 2.9545, 98.25, 65.97, 6.8767, 2.0532, 0.8859, -0.4639, -1.4931, 2.8515, 603.0000, 625.0826, 1, 19, 2.0220, 9.7407, 7.7187, 2.4135, 0.4992, 0.5008, 98.25, 65.97, 98.25, 65.97, 0, 0, 1, 1, A:9.1229->5.0983, ok
40.463, 8.2398, 95.5351, -0.5753, -0.3645, 3.9541, 5.0983, 95.5351, -0.6162, -0.4119, 3.9541, 113.04, 77.36, 5.7467, 2.3916, 0.6816, -0.7317, -3.3151, 3.0880, 630.0000, 628.0413, 1, 20, 0.6177, 9.8274, 9.2097, 3.2465, 0.5889, 0.4111, 113.04, 77.36, 113.04, 77.36, 0, 0, 1, 1, A:8.2398->5.0983, ok
41.036, 9.1868, 92.5896, -0.4940, -0.4446, 3.2133, 5.0983, 92.5896, -0.5753, -0.3645, 3.2133, 104.31, 70.71, 6.4078, 2.3025, 0.7440, -0.6681, -2.4238, 2.6991, 639.0000, 648.0207, 1, 20, 1.5876, 9.7251, 8.1375, 2.6720, 0.5696, 0.4304, 104.31, 70.71, 104.31, 70.71, 0, 0, 1, 1, A:9.1868->5.0983, ok
41.635, 8.4129, 98.2784, -0.5759, -0.4031, 3.6352, 5.0983, 98.2784, -0.4940, -0.4446, 3.6352, 113.74, 83.09, 5.3605, 2.4746, 0.6186, -0.7857, -3.2455, 2.5552, 665.0000, 610.5103, 1, 21, 0.5382, 9.2693, 8.7311, 2.9784, 0.6015, 0.3985, 113.74, 83.09, 113.74, 83.09, 0, 0, 1, 1, A:8.4129->5.0983, ok
42.226, 8.5810, 99.2137, -0.6611, -0.4407, 3.4353, 5.0983, 99.2137, -0.5759, -0.4031, 3.4353, 106.93, 75.30, 5.5353, 2.5505, 0.5573, -0.8303, -3.0696, 2.0603, 579.0000, 604.7552, 1, 18, 0.8563, 9.1748, 8.3184, 2.6774, 0.5855, 0.4145, 106.93, 75.30, 106.93, 75.30, 0, 0, 1, 1, A:8.5810->5.0983, ok
42.837, 7.5713, 100.3550, -0.6142, -0.4467, 4.1260, 5.0983, 100.3550, -0.6611, -0.4407, 4.1260, 113.42, 78.03, 5.2851, 2.5620, 0.5477, -0.8367, -3.8281, 2.5058, 595.0000, 597.8776, 1, 19, 0.5937, 9.7712, 9.1775, 3.2710, 0.6084, 0.3916, 113.42, 78.03, 113.42, 78.03, 0, 0, 1, 1, A:7.5713->5.0983, ok
43.435, 9.0537, 99.2656, -0.5401, -0.3781, 2.9434, 5.0983, 99.2656, -0.6142, -0.4467, 2.9434, 100.07, 68.73, 6.4110, 2.1919, 0.8132, -0.5819, -1.9696, 2.7524, 605.0000, 604.4388, 1, 19, 2.1999, 9.6765, 7.4767, 2.4795, 0.5587, 0.4413, 100.07, 68.73, 100.07, 68.73, 0, 0, 1, 1, A:9.0537->5.0983, ok
44.042, 8.7335, 99.8802, -0.5528, -0.4422, 3.7158, 5.0983, 99.8802, -0.5401, -0.3781, 3.7158, 111.24, 80.10, 5.4439, 2.2995, 0.7461, -0.6659, -2.7884, 3.1242, 598.0000, 600.7194, 1, 19, 0.6228, 9.5121, 8.8893, 3.0124, 0.5602, 0.4398, 111.24, 80.10, 111.24, 80.10, 0, 0, 1, 1, A:8.7335->5.0983, ok
44.709, 8.9471, 99.3608, -0.5437, -0.4349, 3.5531, 5.0983, 99.3608, -0.5528, -0.4422, 3.5531, 110.22, 78.77, 5.5484, 2.4183, 0.6618, -0.7496, -3.0821, 2.7212, 602.0000, 603.8597, 1, 19, 0.7787, 9.4905, 8.7118, 2.9814, 0.6080, 0.3920, 110.22, 78.77, 110.22, 78.77, 0, 0, 1, 1, A:8.9471->5.0983, ok
45.242, 9.2017, 94.3500, -0.3952, -0.4940, 3.8752, 5.0983, 94.3500, -0.5437, -0.4349, 3.8752, 115.47, 81.28, 5.3971, 2.5268, 0.5768, -0.8169, -3.5860, 2.5322, 606.0000, 635.9298, 1, 19, 0.5434, 9.6786, 9.1352, 3.1323, 0.6122, 0.3878, 115.47, 81.28, 115.47, 81.28, 0, 0, 1, 1, A:9.2017->5.0983, ok
45.841, 7.8451, 102.6580, -0.6191, -0.4953, 3.2046, 5.0983, 102.6580, -0.3952, -0.4940, 3.2046, 112.21, 86.92, 5.0695, 2.6292, 0.4903, -0.8716, -3.1595, 1.7773, 666.0000, 584.4649, 1, 21, 0.4769, 8.4179, 7.9411, 2.7024, 0.6441, 0.3559, 112.21, 86.92, 112.21, 86.92, 0, 0, 1, 1, A:7.8451->5.0983, ok
46.388, 8.6964, 101.4829, -0.5518, -0.4415, 4.0984, 5.0983, 101.4829, -0.6191, -0.4953, 4.0984, 115.71, 81.73, 5.1061, 2.9971, 0.1440, -0.9896, -4.3920, 0.6392, 538.0000, 591.2325, 1, 17, 0.5729, 9.3477, 8.7749, 3.1179, 0.6822, 0.3178, 115.71, 81.73, 115.71, 81.73, 0, 0, 1, 1, A:8.6964->5.0983, ok
47.083, 8.2246, 105.3341, -0.7208, -0.3613, 4.0177, 5.0983, 105.3341, -0.5518, -0.4415, 4.0177, 115.26, 85.01, 5.3021, 2.6368, 0.4836, -0.8753, -3.8757, 2.1413, 597.0000, 569.6162, 1, 19, 0.6514, 9.7033, 9.0519, 3.1385, 0.6147, 0.3853, 115.26, 85.01, 115.26, 85.01, 0, 0, 1, 1, A:8.2246->5.0983, ok
47.614, 8.9804, 94.9655, -0.4280, -0.4280, 3.5431, 5.0983, 94.9655, -0.7208, -0.3613, 3.5431, 102.67, 65.45, 5.7182, 2.3778, 0.6917, -0.7222, -2.8221, 2.7030, 536.0000, 631.8081, 1, 17, 1.4787, 9.5377, 8.0590, 2.8082, 0.5653, 0.4347, 102.67, 65.45, 102.67, 65.45, 0, 0, 1, 1, A:8.9804->5.0983, ok
48.211, 7.5177, 103.1985, -0.6215, -0.4350, 3.6853, 5.0983, 103.1985, -0.4280, -0.4280, 3.6853, 115.63, 88.62, 4.8958, 2.4732, 0.6197, -0.7848, -3.1592, 2.4945, 695.0000, 581.4041, 1, 22, 0.5573, 9.0035, 8.4462, 2.8855, 0.5698, 0.4302, 115.63, 88.62, 115.63, 88.62, 0, 0, 1, 1, A:7.5177->5.0983, ok
48.815, 8.9950, 101.7463, -0.6054, -0.4415, 3.7735, 5.0983, 101.7463, -0.6215, -0.4350, 3.7735, 109.93, 77.14, 5.7218, 2.6706, 0.4538, -0.8911, -3.6237, 1.8452, 535.0000, 589.7020, 1, 17, 1.4858, 9.6458, 8.1600, 2.8904, 0.6093, 0.3907, 109.93, 77.14, 109.93, 77.14, 0, 0, 1, 1, A:8.9950->5.0983, ok
49.454, 9.1271, 100.5276, -0.6010, -0.3825, 3.7398, 5.0983, 100.5276, -0.6054, -0.4415, 3.7398, 110.46, 77.64, 5.5578, 2.3627, 0.7025, -0.7117, -3.1793, 3.1380, 606.0000, 596.8510, 1, 19, 0.6508, 9.7784, 9.1276, 3.1990, 0.6139, 0.3861, 110.46, 77.64, 110.46, 77.64, 0, 0, 1, 1, A:9.1271->5.0983, ok
50.020, 9.0048, 97.0991, -0.5681, -0.4116, 3.7241, 5.0983, 97.0991, -0.6010, -0.3825, 3.7241, 109.65, 75.77, 5.6709, 2.2460, 0.7806, -0.6250, -2.6502, 3.3099, 603.0000, 617.9255, 1, 19, 0.6513, 9.5675, 8.9162, 3.0674, 0.5572, 0.4428, 109.65, 75.77, 109.65, 75.77, 0, 0, 1, 1, A:9.0048->5.0983, ok
50.659, 6.6954, 101.4434, -0.6425, -0.3504, 3.8469, 5.0983, 101.4434, -0.5681, -0.4116, 3.8469, 112.40, 80.72, 5.7734, 2.3708, 0.6967, -0.7173, -3.1664, 3.0753, 632.0000, 591.4628, 1, 20, 0.5627, 9.8220, 9.2592, 3.1737, 0.5870, 0.4130, 112.40, 80.72, 112.40, 80.72, 0, 0, 1, 1, A:6.6954->5.0983, ok
51.285, 6.6954, 97.5243, -0.5681, -0.4131, 2.9108, 5.0983, 97.5243, -0.6425, -0.3504, 2.9108, 96.65, 64.31, 6.6900, 2.2327, 0.7888, -0.6146, -1.9895, 2.5532, 567.0000, 615.2314, 1, 18, 3.1265, 9.7180, 6.5914, 2.3454, 0.5397, 0.4603, 96.65, 64.31, 96.65, 64.31, 0, 0, 1, 1, A:6.6954->5.0983, ok
51.852, 9.1860, 96.6782, -0.5783, -0.4217, 3.8056, 5.0983, 96.6782, -0.5681, -0.4131, 3.8056, 112.74, 79.17, 5.7601, 2.3462, 0.7141, -0.7000, -3.0550, 3.1166, 634.0000, 620.6157, 1, 20, 0.5667, 9.7476, 9.1809, 3.1530, 0.5820, 0.4180, 112.74, 79.17, 112.74, 79.17, 0, 0, 1, 1, A:9.1860->5.0983, ok
52.493, 8.3878, 100.9578, -0.6972, -0.3486, 3.9458, 5.0983, 100.9578, -0.5783, -0.4217, 3.9458, 113.63, 81.17, 5.5721, 2.4099, 0.6682, -0.7440, -3.2989, 2.9625, 634.0000, 594.3078, 1, 20, 0.5616, 9.7247, 9.1632, 3.1791, 0.5789, 0.4211, 113.63, 81.17, 113.63, 81.17, 0, 0, 1, 1, A:8.3878->5.0983, ok
53.063, 8.1910, 97.2205, -0.5156, -0.3609, 3.4681, 5.0983, 97.2205, -0.6972, -0.3486, 3.4681, 101.88, 66.46, 5.9317, 2.3453, 0.7147, -0.6994, -2.7883, 2.8495, 565.0000, 617.1539, 1, 18, 1.3369, 9.6754, 8.3384, 2.8736, 0.5876, 0.4124, 101.88, 66.46, 101.88, 66.46, 0, 0, 1, 1, A:8.1910->5.0983, ok
53.693, 8.5634, 101.0821, -0.6368, -0.4053, 3.5392, 5.0983, 101.0821, -0.5156, -0.3609, 3.5392, 109.24, 79.78, 6.1499, 2.3598, 0.7046, -0.7096, -2.8361, 2.8158, 642.0000, 593.5770, 1, 20, 1.4844, 9.7727, 8.2882, 2.8905, 0.5748, 0.4252, 109.24, 79.78, 109.24, 79.78, 0, 0, 1, 1, A:8.5634->5.0983, ok
54.305, 9.1666, 97.9930, -0.5737, -0.4168, 3.6233, 5.0983, 97.9930, -0.6368, -0.4053, 3.6233, 107.36, 73.14, 5.9455, 2.3910, 0.6820, -0.7313, -3.0292, 2.8251, 565.0000, 612.2885, 1, 18, 1.2093, 9.6990, 8.4897, 2.9747, 0.5912, 0.4088, 107.36, 73.14, 107.36, 73.14, 0, 0, 1, 1, A:9.1666->5.0983, ok
54.904, 8.6747, 98.0161, -0.9500, -0.3775, 3.8221, 5.0983, 98.0161, -0.5737, -0.4168, 3.8221, 112.59, 79.38, 5.7160, 2.3009, 0.7451, -0.6670, -2.9404, 3.2846, 642.0000, 612.1442, 1, 20, 0.5323, 9.7956, 9.2633, 3.1842, 0.5763, 0.4237, 112.59, 79.38, 112.59, 79.38, 0, 0, 1, 1, A:8.6747->5.0983, ok
55.503, 8.6747, 98.0161, -0.5500, -0.3300, 3.8221, 5.0983, 98.0161, -0.5737, -0.4168, 3.8221, 112.59, 79.38, 5.7160, 2.3009, 0.7451, -0.6670, -2.9404, 3.2846, 642.0000, 612.1442, 1, 20, 0.5323, 9.7956, 9.2633, 3.1842, 0.5763, 0.4237, 112.59, 79.38, 112.59, 79.38, 0, 0, 1, 1, A:8.6747->5.0983, ok
56.095, 8.6747, 0.0000, -0.6080, -0.4422, 3.8221, 0.0000, 0.0000, 0.0000, 0.0000, 0.0000, 112.59, 79.38, 5.7160, 2.4707, 0.6217, -0.7833, -3.2318, 2.5652, 843.0000, 0.0000, 0, 19, 1.1209, 9.6513, 8.5304, 2.9732, 0.7319, 0.2681, 0.00, 0.00, 0.00, 0.00, 0, 0, 0, 0, ok, rapid_ibi_change
56.706, 8.6747, 0.0000, -0.6121, -0.3895, 3.8221, 0.0000, 0.0000, 0.0000, 0.0000, 0.0000, 112.59, 79.38, 5.7160, 1.2024, 0.9329, 0.3601, 1.3322, 3.4510, 956.0000, 0.0000, 0, 30, 0.6729, 9.7447, 9.0718, 3.0783, 0.5659, 0.4341, 0.00, 0.00, 0.00, 0.00, 0, 0, 0, 0, ok, rapid_ibi_change
57.303, 8.8819, 99.3157, -0.5941, -0.3781, 3.5719, 5.0983, 99.3157, -0.6121, -0.3895, 3.5719, 107.02, 74.18, 6.0011, 2.3012, 0.7449, -0.6672, -2.6780, 2.9898, 600.0000, 604.1340, 1, 19, 1.0111, 9.7654, 8.7543, 2.9015, 0.5600, 0.4400, 107.02, 74.18, 107.02, 74.18, 0, 0, 1, 1, A:8.8819->5.0983, ok
58.011, 8.2335, 99.9056, -0.6633, -0.3869, 3.5874, 5.0983, 99.9056, -0.5941, -0.3781, 3.5874, 107.53, 75.39, 5.8940, 2.3598, 0.7045, -0.7097, -3.0115, 2.9898, 601.0000, 600.5670, 1, 19, 0.8835, 9.7526, 8.8691, 3.0553, 0.6073, 0.3927, 107.53, 75.39, 107.53, 75.39, 0, 0, 1, 1, A:8.2335->5.0983, ok
58.608, 9.1750, 91.8437, -0.4674, -0.4207, 3.3253, 5.0983, 91.8437, -0.6633, -0.3869, 3.3253, 103.12, 66.58, 6.0952, 2.1932, 0.8125, -0.5830, -2.1956, 3.0602, 602.0000, 653.2835, 1, 19, 1.5191, 9.6581, 8.1390, 2.7415, 0.5449, 0.4551, 103.12, 66.58, 103.12, 66.58, 0, 0, 1, 1, A:9.1750->5.0983, ok
59.206, 8.3457, 95.8249, -0.6060, -0.4958, 3.5860, 5.0983, 95.8249, -0.4674, -0.4207, 3.5860, 113.97, 83.19, 4.8529, 2.3744, 0.6941, -0.7199, -2.9315, 2.8265, 704.0000, 626.1418, 1, 22, 0.4831, 8.8482, 8.3651, 2.9204, 0.5767, 0.4233, 113.97, 83.19, 113.97, 83.19, 0, 0, 1, 1, A:8.3457->5.0983, ok
59.845, 8.9814, 98.0279, -0.6070, -0.3863, 3.7865, 5.0983, 98.0279, -0.6060, -0.4958, 3.7865, 112.74, 78.53, 5.0778, 2.5110, 0.5897, -0.8077, -3.5037, 2.5580, 600.0000, 612.0709, 1, 19, 0.5025, 9.5607, 9.0582, 3.0845, 0.6167, 0.3833, 112.74, 78.53, 112.74, 78.53, 0, 0, 1, 1, A:8.9814->5.0983, ok
60.492, 9.0919, 95.9178, -0.6197, -0.4131, 3.8009, 5.0983, 95.9178, -0.6070, -0.3863, 3.8009, 110.72, 75.96, 5.4085, 2.2605, 0.7714, -0.6363, -2.7364, 3.3172, 600.0000, 625.5354, 1, 19, 0.5793, 9.6869, 9.1077, 3.0925, 0.5550, 0.4450, 110.72, 75.96, 110.72, 75.96, 0, 0, 1, 1, A:9.0919->5.0983, ok
61.120, 9.0067, 94.2999, -0.5611, -0.3570, 3.8070, 5.0983, 94.2999, -0.6197, -0.4131, 3.8070, 111.23, 75.36, 5.6359, 2.2441, 0.7818, -0.6236, -2.8111, 3.5243, 634.0000, 636.2677, 1, 20, 0.5950, 9.7798, 9.1848, 3.2397, 0.5804, 0.4196, 111.23, 75.36, 111.23, 75.36, 0, 0, 1, 1, A:9.0067->5.0983, ok
61.718, 8.0782, 94.9166, -0.6306, -0.4204, 3.2021, 5.0983, 94.9166, -0.5611, -0.3570, 3.2021, 104.12, 71.91, 5.5053, 2.1052, 0.8606, -0.5093, -1.8425, 3.1135, 645.0000, 632.1339, 1, 20, 0.7732, 8.7981, 8.0250, 2.6951, 0.5318, 0.4682, 104.12, 71.91, 104.12, 71.91, 0, 0, 1, 1, A:8.0782->5.0983, ok
62.351, 7.8853, 97.5504, -0.6622, -0.3311, 4.0820, 5.0983, 97.5504, -0.6306, -0.4204, 4.0820, 114.01, 78.42, 4.7213, 2.5062, 0.5935, -0.8048, -3.5327, 2.6050, 633.0000, 615.0669, 1, 20, 0.5438, 9.6682, 9.1244, 3.1734, 0.5766, 0.4234, 114.01, 78.42, 114.01, 78.42, 0, 0, 1, 1, A:7.8853->5.0983, ok
62.976, 8.8336, 96.2258, -0.5744, -0.3655, 3.4124, 5.0983, 96.2258, -0.6622, -0.3311, 3.4124, 102.24, 67.51, 6.0851, 2.2986, 0.7467, -0.6652, -2.5413, 2.8525, 600.0000, 623.5335, 1, 19, 1.7829, 9.7416, 7.9587, 2.7634, 0.5583, 0.4417, 102.24, 67.51, 102.24, 67.51, 0, 0, 1, 1, A:8.8336->5.0983, ok
63.682, 8.9174, 96.1128, -0.5808, -0.4224, 3.2142, 5.0983, 96.1128, -0.5744, -0.3655, 3.2142, 103.77, 71.65, 6.0944, 2.0561, 0.8845, -0.4664, -1.6997, 3.2231, 624.0000, 624.2667, 1, 20, 0.9080, 9.5130, 8.6050, 2.7556, 0.5321, 0.4679, 103.77, 71.65, 103.77, 71.65, 0, 0, 1, 1, A:8.9174->5.0983, ok
64.212, 9.1028, 90.2075, -0.4207, -0.4674, 3.8949, 5.0983, 90.2075, -0.5808, -0.4224, 3.8949, 114.77, 77.90, 4.9613, 2.4427, 0.6433, -0.7656, -3.3259, 2.7949, 641.0000, 665.1334, 1, 20, 0.5956, 9.5950, 8.9994, 3.1153, 0.5850, 0.4150, 114.77, 77.90, 114.77, 77.90, 0, 0, 1, 1, A:9.1028->5.0983, ok
64.855, 7.9901, 100.4072, -0.6849, -0.4340, 3.2823, 5.0983, 100.4072, -0.4207, -0.4674, 3.2823, 112.04, 85.05, 4.8542, 2.4969, 0.6009, -0.7993, -3.0389, 2.2847, 695.0000, 597.5667, 1, 22, 0.4922, 8.5862, 8.0941, 2.7471, 0.6201, 0.3799, 112.04, 85.05, 112.04, 85.05, 0, 0, 1, 1, A:7.9901->5.0983, ok
65.453, 9.0767, 96.6521, -0.6149, -0.4099, 4.0300, 5.0983, 96.6521, -0.6849, -0.4340, 4.0300, 111.77, 74.52, 5.2722, 2.6402, 0.4807, -0.8769, -3.8769, 2.1252, 542.0000, 620.7833, 1, 17, 0.5962, 9.6382, 9.0420, 3.1484, 0.6199, 0.3801, 111.77, 74.52, 111.77, 74.52, 0, 0, 1, 1, A:9.0767->5.0983, ok
66.092, 7.8241, 98.4588, -0.6070, -0.3311, 3.7998, 5.0983, 98.4588, -0.6149, -0.4099, 3.7998, 110.51, 76.53, 5.8202, 2.3130, 0.7370, -0.6759, -2.9781, 3.2471, 629.0000, 609.3917, 1, 20, 0.5615, 9.8061, 9.2446, 3.1750, 0.5819, 0.4181, 110.51, 76.53, 110.51, 76.53, 0, 0, 1, 1, A:7.8241->5.0983, ok
66.650, 9.0380, 96.2007, -0.5690, -0.4138, 3.1389, 5.0983, 96.2007, -0.6070, -0.3311, 3.1389, 100.74, 68.17, 6.4030, 2.2297, 0.7906, -0.6123, -2.2114, 2.8555, 606.0000, 623.6958, 1, 19, 1.9820, 9.7474, 7.7654, 2.6415, 0.5660, 0.4340, 100.74, 68.17, 100.74, 68.17, 0, 0, 1, 1, A:9.0380->5.0983, ok
67.259, 9.0380, 101.4631, -0.7084, -0.3542, 3.7616, 5.0983, 101.4631, -0.5690, -0.4138, 3.7616, 111.30, 79.83, 5.9103, 2.3956, 0.6787, -0.7344, -3.1100, 2.8741, 631.0000, 591.3479, 1, 20, 0.7094, 9.7439, 9.0345, 3.0605, 0.5800, 0.4200, 111.30, 79.83, 111.30, 79.83, 0, 0, 1, 1, A:9.0380->5.0983, ok
67.928, 8.4435, 99.9710, -0.5961, -0.3251, 3.2015, 5.0983, 99.9710, -0.7084, -0.3542, 3.2015, 97.63, 63.80, 6.2361, 2.3171, 0.7342, -0.6789, -2.5125, 2.7170, 570.0000, 600.1740, 1, 18, 1.7529, 9.6696, 7.9167, 2.6731, 0.5860, 0.4140, 97.63, 63.80, 97.63, 63.80, 0, 0, 1, 1, A:8.4435->5.0983, ok
68.557, 9.0709, 94.5497, -0.4933, -0.4439, 3.2002, 5.0983, 94.5497, -0.5961, -0.3251, 3.2002, 102.11, 68.97, 6.0896, 2.1152, 0.8554, -0.5179, -1.9696, 3.2532, 601.0000, 634.5870, 1, 19, 1.2261, 9.6231, 8.3970, 2.7828, 0.5641, 0.4359, 102.11, 68.97, 102.11, 68.97, 0, 0, 1, 1, A:9.0709->5.0983, ok
69.095, 7.0240, 95.0430, -0.4204, -0.4729, 3.0216, 5.0983, 95.0430, -0.4933, -0.4439, 3.0216, 106.30, 76.05, 4.7011, 2.2942, 0.7495, -0.6620, -2.3734, 2.6873, 664.0000, 631.2935, 1, 21, 0.5523, 8.1827, 7.6304, 2.6243, 0.5979, 0.4021, 106.30, 76.05, 106.30, 76.05, 0, 0, 1, 1, A:7.0240->5.0983, ok
69.697, 7.8062, 102.6261, -0.6747, -0.4907, 3.7338, 5.0983, 102.6261, -0.4204, -0.4729, 3.7338, 117.69, 90.33, 4.8209, 2.8385, 0.2985, -0.9544, -3.7621, 1.1766, 638.0000, 584.6467, 1, 20, 0.6292, 8.7444, 8.1152, 2.7907, 0.6223, 0.3777, 117.69, 90.33, 117.69, 90.33, 0, 0, 1, 1, A:7.8062->5.0983, ok
70.303, 8.7018, 101.0401, -0.6020, -0.3831, 3.9650, 5.0983, 101.0401, -0.6747, -0.4907, 3.9650, 111.85, 76.67, 5.5090, 2.8377, 0.2992, -0.9542, -4.2620, 1.3364, 533.0000, 593.8234, 1, 17, 0.9382, 9.7403, 8.8021, 3.1625, 0.6811, 0.3189, 111.85, 76.67, 111.85, 76.67, 0, 0, 1, 1, A:8.7018->5.0983, ok
70.968, 8.9806, 100.0147, -0.5990, -0.3812, 3.5513, 5.0983, 100.0147, -0.6020, -0.3831, 3.5513, 106.86, 74.65, 5.9380, 2.4387, 0.6464, -0.7630, -3.1331, 2.6543, 606.0000, 599.9117, 1, 19, 1.0384, 9.7525, 8.7140, 2.9554, 0.6089, 0.3911, 106.86, 74.65, 106.86, 74.65, 0, 0, 1, 1, A:8.9806->5.0983, ok
71.499, 9.0416, 94.8683, -0.4466, -0.4466, 3.6221, 5.0983, 94.8683, -0.5990, -0.3812, 3.6221, 108.75, 74.28, 5.7577, 2.2702, 0.7652, -0.6438, -2.6116, 3.1042, 596.0000, 632.4558, 1, 19, 0.7718, 9.6691, 8.8973, 2.9391, 0.5520, 0.4480, 108.75, 74.28, 108.75, 74.28, 0, 0, 1, 1, A:9.0416->5.0983, ok
72.103, 8.1928, 103.2297, -0.6208, -0.4358, 3.3304, 5.0983, 103.2297, -0.4466, -0.4466, 3.3304, 110.72, 84.18, 5.3772, 2.4746, 0.6187, -0.7857, -2.9318, 2.3086, 673.0000, 581.2279, 1, 21, 0.6275, 8.8366, 8.2092, 2.7452, 0.5988, 0.4012, 110.72, 84.18, 110.72, 84.18, 0, 0, 1, 1, A:8.1928->5.0983, ok
72.801, 8.8576, 101.2463, -0.6010, -0.4371, 3.9436, 5.0983, 101.2463, -0.6208, -0.4358, 3.9436, 112.29, 78.82, 5.2138, 2.6520, 0.4703, -0.8825, -3.9066, 2.0816, 532.0000, 592.6140, 1, 17, 0.6438, 9.5859, 8.9421, 3.1388, 0.6372, 0.3628, 112.29, 78.82, 112.29, 78.82, 0, 0, 1, 1, A:8.8576->5.0983, ok
73.939, 9.1466, 93.0511, -0.7102, -0.8522, 3.5746, 5.0983, 93.0511, -0.6010, -0.4371, 3.5746, 109.67, 74.33, 5.5892, 2.3917, 0.6815, -0.7318, -3.1101, 2.8965, 601.0000, 644.8070, 1, 19, 0.7283, 9.6229, 8.8946, 3.0539, 0.6173, 0.3827, 109.67, 74.33, 109.67, 74.33, 0, 0, 1, 1, A:9.1466->5.0983, ok
74.504, 9.1466, 0.0000, -0.9500, -0.2605, 3.5746, 0.0000, 0.0000, 0.0000, 0.0000, 0.0000, 109.67, 74.33, 5.5892, 2.4963, 0.6014, -0.7989, -2.6640, 2.0053, 1030.0000, 0.0000, 0, 22, 0.4762, 7.9348, 7.4586, 2.5041, 0.7359, 0.2641, 0.00, 0.00, 0.00, 0.00, 0, 0, 0, 0, ok, rapid_ibi_change
75.141, 9.1466, 0.0000, -0.5239, -0.4673, 3.5746, 0.0000, 0.0000, 0.0000, 0.0000, 0.0000, 109.67, 74.33, 5.5892, 2.0862, 0.8701, -0.4929, -1.8250, 3.2216, 812.0000, 0.0000, 0, 25, 0.6833, 9.8285, 9.1452, 2.9144, 0.6589, 0.3411, 0.00, 0.00, 0.00, 0.00, 0, 0, 0, 0, ok, rapid_ibi_change
75.773, 5.8584, 87.9313, -0.5189, -0.4151, 2.3694, 5.0983, 87.9313, -0.5239, -0.4673, 2.3694, 98.42, 66.19, 6.9808, 2.4880, 0.6081, -0.7939, -2.2335, 1.7108, 552.0000, 682.3509, 1, 18, 3.9701, 9.7613, 5.7912, 2.0058, 0.6377, 0.3623, 98.42, 66.19, 98.42, 66.19, 0, 0, 1, 1, A:5.8584->5.0983, ok
76.316, 8.8113, 91.2998, -0.4699, -0.4699, 3.5258, 5.0983, 91.2998, -0.5189, -0.4151, 3.5258, 111.91, 78.14, 6.0819, 2.3554, 0.7076, -0.7066, -2.7907, 2.7949, 648.0000, 657.1754, 1, 20, 1.0437, 9.7251, 8.6814, 2.8872, 0.5725, 0.4275, 111.91, 78.14, 111.91, 78.14, 0, 0, 1, 1, A:8.8113->5.0983, ok
76.980, 8.0067, 99.9021, -0.6654, -0.4246, 3.2421, 5.0983, 99.9021, -0.4699, -0.4699, 3.2421, 109.81, 81.46, 5.5048, 2.6076, 0.5090, -0.8608, -3.1429, 1.8584, 631.0000, 600.5877, 1, 20, 0.9138, 8.7876, 7.8738, 2.6985, 0.6339, 0.3661, 109.81, 81.46, 109.81, 81.46, 0, 0, 1, 1, A:8.0067->5.0983, ok
77.585, 9.1810, 94.8926, -0.4473, -0.4473, 3.7833, 5.0983, 94.8926, -0.6654, -0.4246, 3.7833, 109.37, 72.61, 5.4549, 2.7004, 0.4270, -0.9043, -4.0262, 1.9012, 538.0000, 632.2939, 1, 17, 0.7809, 9.7335, 8.9526, 3.1661, 0.6840, 0.3160, 109.37, 72.61, 109.37, 72.61, 0, 0, 1, 1, A:9.1810->5.0983, ok
78.149, 8.3326, 97.0643, -0.4901, -0.4917, 3.4230, 5.0983, 97.0643, -0.4473, -0.4473, 3.4230, 113.00, 83.61, 5.4095, 2.3319, 0.7241, -0.6897, -2.7764, 2.9148, 669.0000, 618.1469, 1, 21, 0.5525, 9.0368, 8.4843, 2.9348, 0.5979, 0.4021, 113.00, 83.61, 113.00, 83.61, 0, 0, 1, 1, A:8.3326->5.0983, ok
78.751, 8.0090, 101.4244, -0.5841, -0.4673, 3.3410, 5.0983, 101.4244, -0.4901, -0.4917, 3.3410, 110.59, 82.01, 5.2317, 2.6579, 0.4650, -0.8853, -3.6176, 1.9003, 611.0000, 591.5735, 1, 19, 0.7042, 8.9813, 8.2771, 2.8999, 0.6907, 0.3093, 110.59, 82.01, 110.59, 82.01, 0, 0, 1, 1, A:8.0090->5.0983, ok
79.454, 8.7196, 100.5384, -0.5482, -0.4385, 3.7874, 5.0983, 100.5384, -0.5841, -0.4673, 3.7874, 112.48, 79.97, 5.8036, 2.7187, 0.4104, -0.9119, -3.9785, 1.7903, 564.0000, 596.7867, 1, 18, 0.9723, 9.7444, 8.7721, 3.1021, 0.6649, 0.3351, 112.48, 79.97, 112.48, 79.97, 0, 0, 1, 1, A:8.7196->5.0983, ok
80.028, 8.9962, 92.3228, -0.3286, -0.5164, 3.5444, 5.0983, 92.3228, -0.5482, -0.4385, 3.5444, 111.42, 77.19, 5.9002, 2.4817, 0.6130, -0.7901, -3.2143, 2.4941, 589.0000, 649.8934, 1, 19, 1.0248, 9.6196, 8.5947, 2.9462, 0.6146, 0.3854, 111.42, 77.19, 111.42, 77.19, 0, 0, 1, 1, A:8.9962->5.0983, ok
80.526, 7.4839, 98.1279, -0.4607, -0.5759, 3.0548, 5.0983, 98.1279, -0.3286, -0.5164, 3.0548, 114.06, 88.91, 4.9884, 2.7061, 0.4218, -0.9067, -3.1039, 1.4441, 706.0000, 611.4467, 1, 22, 0.6234, 8.1577, 7.5343, 2.5695, 0.6558, 0.3442, 114.06, 88.91, 114.06, 88.91, 0, 0, 1, 1, A:7.4839->5.0983, ok
81.159, 8.1529, 105.5232, -0.7275, -0.4629, 3.5289, 5.0983, 105.5232, -0.4607, -0.5759, 3.5289, 114.06, 88.91, 5.1081, 3.1703, -0.0288, -0.9996, -4.1007, -0.1179, 571.0000, 555.2233, 1, 18, 0.6738, 8.7822, 8.1085, 2.9006, 0.7723, 0.2277, 0.00, 0.00, 0.00, 0.00, 0, 0, 1, 0, A:8.1529->5.0983|HR:108.0646->105.5232, feature_support_violation
81.795, 9.0790, 100.9911, -0.5213, -0.4171, 3.9572, 5.0983, 100.9911, -0.7275, -0.4629, 3.9572, 109.13, 72.72, 5.3460, 2.7946, 0.3401, -0.9404, -4.2518, 1.5377, 500.0000, 594.1117, 1, 16, 0.6294, 9.6309, 9.0016, 3.1963, 0.6820, 0.3180, 109.13, 72.72, 109.13, 72.72, 0, 0, 1, 1, A:9.0790->5.0983, ok
82.361, 8.6107, 97.5521, -0.5189, -0.4670, 3.6356, 5.0983, 97.5521, -0.5213, -0.4171, 3.6356, 112.21, 80.66, 5.2993, 2.3860, 0.6857, -0.7279, -2.9563, 2.7849, 632.0000, 615.0558, 1, 20, 0.5519, 9.1462, 8.5943, 2.9377, 0.5728, 0.4272, 112.21, 80.66, 112.21, 80.66, 0, 0, 1, 1, A:8.6107->5.0983, ok
82.995, 8.6513, 101.6901, -0.6425, -0.4088, 3.8988, 5.0983, 101.6901, -0.5189, -0.4670, 3.8988, 116.17, 85.49, 5.2182, 2.6439, 0.4774, -0.8787, -3.8296, 2.0807, 638.0000, 590.0279, 1, 20, 0.5355, 9.4607, 8.9252, 3.0950, 0.6254, 0.3746, 116.17, 85.49, 116.17, 85.49, 0, 0, 1, 1, A:8.6513->5.0983, ok
83.659, 9.0686, 97.9570, -0.5717, -0.3638, 3.7704, 5.0983, 97.9570, -0.6425, -0.4088, 3.7704, 109.16, 74.36, 5.7171, 2.4856, 0.6100, -0.7924, -3.2990, 2.5394, 569.0000, 612.5140, 1, 18, 0.8094, 9.7029, 8.8935, 2.9810, 0.5870, 0.4130, 109.16, 74.36, 109.16, 74.36, 0, 0, 1, 1, A:9.0686->5.0983, ok
84.257, 9.1638, 94.0797, -0.4977, -0.4480, 3.7230, 5.0983, 94.0797, -0.5717, -0.3638, 3.7230, 110.83, 76.50, 5.7956, 2.3706, 0.6969, -0.7172, -3.0732, 2.9862, 635.0000, 637.7570, 1, 20, 0.6343, 9.7081, 9.0739, 3.1008, 0.5906, 0.4094, 110.83, 76.50, 110.83, 76.50, 0, 0, 1, 1, A:9.1638->5.0983, ok
84.898, 8.9813, 97.0280, -0.6060, -0.4407, 3.8177, 5.0983, 97.0280, -0.4977, -0.4480, 3.8177, 116.28, 84.48, 5.4068, 2.4275, 0.6549, -0.7557, -3.3537, 2.9065, 664.0000, 618.3785, 1, 21, 0.5443, 9.6762, 9.1319, 3.1728, 0.6054, 0.3946, 116.28, 84.48, 116.28, 84.48, 0, 0, 1, 1, A:8.9813->5.0983, ok
85.571, 8.7472, 95.4367, -0.5681, -0.4116, 3.5531, 5.0983, 95.4367, -0.6060, -0.4407, 3.5531, 108.87, 74.44, 5.5045, 2.3380, 0.7198, -0.6942, -2.7361, 2.8373, 600.0000, 628.6892, 1, 19, 0.6950, 9.2872, 8.5923, 2.8583, 0.5600, 0.4400, 108.87, 74.44, 108.87, 74.44, 0, 0, 1, 1, A:8.7472->5.0983, ok
86.173, 9.0404, 92.0465, -0.4889, -0.4400, 4.0088, 5.0983, 92.0465, -0.5681, -0.4116, 4.0088, 116.16, 80.10, 5.2524, 2.4605, 0.6297, -0.7769, -3.4938, 2.8318, 640.0000, 651.8446, 1, 20, 0.5401, 9.7199, 9.1798, 3.2150, 0.5906, 0.4094, 116.16, 80.10, 116.16, 80.10, 0, 0, 1, 1, A:9.0404->5.0983, ok
86.833, 9.0989, 95.7056, -0.6578, -0.4385, 3.6250, 5.0983, 95.7056, -0.4889, -0.4400, 3.6250, 114.14, 82.59, 5.6671, 2.2776, 0.7605, -0.6494, -2.6561, 3.1104, 667.0000, 626.9223, 1, 21, 0.6795, 9.6973, 9.0178, 2.9673, 0.5562, 0.4438, 114.14, 82.59, 114.14, 82.59, 0, 0, 1, 1, A:9.0989->5.0983, ok
87.476, 9.2629, 93.3182, -0.6009, -0.4006, 3.7312, 5.0983, 93.3182, -0.6578, -0.4385, 3.7312, 109.57, 72.45, 5.4553, 2.4202, 0.6605, -0.7509, -3.3101, 2.9115, 606.0000, 642.9612, 1, 19, 0.5984, 9.6655, 9.0672, 3.1540, 0.6188, 0.3812, 109.57, 72.45, 109.57, 72.45, 0, 0, 1, 1, A:9.2629->5.0983, ok
88.042, 8.1901, 93.2429, -0.4612, -0.3587, 3.8897, 5.0983, 93.2429, -0.6009, -0.4006, 3.8897, 112.91, 76.89, 5.2567, 2.1942, 0.8119, -0.5838, -2.6259, 3.6519, 658.0000, 643.4806, 1, 21, 0.4026, 9.7343, 9.3317, 3.2312, 0.5517, 0.4483, 112.91, 76.89, 112.91, 76.89, 0, 0, 1, 1, A:8.1901->5.0983, ok
88.675, 8.2341, 99.2982, -0.6991, -0.4673, 2.8650, 5.0983, 99.2982, -0.4612, -0.3587, 2.8650, 102.74, 75.83, 6.0902, 2.2566, 0.7739, -0.6333, -2.0901, 2.5544, 640.0000, 604.2403, 1, 20, 1.5443, 9.0304, 7.4862, 2.4720, 0.5813, 0.4188, 102.74, 75.83, 102.74, 75.83, 0, 0, 1, 1, A:8.2341->5.0983, ok
89.339, 8.2042, 96.9901, -0.5735, -0.3649, 3.7362, 5.0983, 96.9901, -0.6991, -0.4673, 3.7362, 108.11, 71.35, 5.7661, 2.6492, 0.4727, -0.8812, -3.8888, 2.0862, 568.0000, 618.6201, 1, 18, 0.7963, 9.8094, 9.0131, 3.1492, 0.6708, 0.3292, 108.11, 71.35, 108.11, 71.35, 0, 0, 1, 1, A:8.2042->5.0983, ok
89.945, 9.3167, 93.4856, -0.5459, -0.4466, 3.0206, 5.0983, 93.4856, -0.5735, -0.3649, 3.0206, 101.72, 69.08, 6.5650, 2.2459, 0.7807, -0.6249, -2.2050, 2.7544, 635.0000, 641.8101, 1, 20, 1.6052, 9.7607, 8.1555, 2.6061, 0.5827, 0.4173, 101.72, 69.08, 101.72, 69.08, 0, 0, 1, 1, A:9.3167->5.0983, ok
90.580, 5.8684, 96.2456, -0.6000, -0.3802, 4.0914, 5.0983, 96.2456, -0.5459, -0.4466, 4.0914, 118.15, 84.04, 5.6640, 2.4020, 0.6740, -0.7387, -3.4870, 3.1816, 669.0000, 623.4050, 1, 21, 0.4439, 9.8858, 9.4419, 3.3778, 0.5949, 0.4051, 118.15, 84.04, 118.15, 84.04, 0, 0, 1, 1, A:5.8684->5.0983, ok
91.213, 9.2439, 95.2831, -0.5708, -0.4151, 2.3091, 5.0983, 95.2831, -0.6000, -0.3802, 2.3091, 91.47, 60.86, 7.3024, 2.2282, 0.7916, -0.6110, -1.5838, 2.0519, 605.0000, 629.7025, 1, 19, 4.0174, 9.7390, 5.7216, 1.9289, 0.5554, 0.4446, 91.47, 60.86, 91.47, 60.86, 0, 0, 1, 1, A:9.2439->5.0983, ok
91.883, 9.2439, 95.1096, -0.5744, -0.4177, 3.9866, 5.0983, 95.1096, -0.5708, -0.4151, 3.9866, 115.32, 80.51, 5.3068, 2.3582, 0.7057, -0.7085, -3.2249, 3.2118, 633.0000, 630.8513, 1, 20, 0.4951, 9.7951, 9.3000, 3.2547, 0.5798, 0.4202, 115.32, 80.51, 115.32, 80.51, 0, 0, 1, 1, A:9.2439->5.0983, ok
93.052, 9.0534, 92.1764, -0.7377, -0.7869, 3.4751, 5.0983, 92.1764, -0.5744, -0.4177, 3.4751, 109.08, 74.39, 5.9026, 2.2646, 0.7689, -0.6394, -2.5585, 3.0763, 625.0000, 650.9256, 1, 20, 0.5549, 9.6076, 9.0527, 2.9518, 0.5760, 0.4240, 109.08, 74.39, 109.08, 74.39, 0, 0, 1, 1, A:9.0534->5.0983, ok
93.621, 9.0534, 0.0000, -0.9033, -0.2258, 3.4751, 0.0000, 0.0000, 0.0000, 0.0000, 0.0000, 109.08, 74.39, 5.9026, 2.5064, 0.5933, -0.8049, -3.1782, 2.3427, 1071.0000, 0.0000, 0, 21, 0.5541, 8.7044, 8.1502, 2.8242, 0.7432, 0.2568, 0.00, 0.00, 0.00, 0.00, 0, 0, 0, 0, ok, rapid_ibi_change
94.323, 6.3414, 81.1379, -0.6380, -0.4640, 3.4495, 5.0983, 81.1379, -0.5202, -0.4640, 3.4495, 113.78, 75.77, 5.9809, 1.9131, 0.9420, -0.3357, -1.2537, 3.5181, 771.0000, 739.4814, 1, 24, 0.6388, 9.7828, 9.1440, 2.9134, 0.4812, 0.5188, 113.78, 75.77, 113.78, 75.77, 0, 0, 1, 1, A:6.3414->5.0983, ok
94.823, 9.0075, 83.2477, -0.3761, -0.4701, 2.6008, 5.0983, 83.2477, -0.6380, -0.4640, 2.6008, 97.90, 60.18, 6.5092, 2.4785, 0.6155, -0.7881, -2.1940, 1.7135, 565.0000, 720.7407, 1, 18, 3.4414, 9.4954, 6.0539, 2.0537, 0.5735, 0.4265, 97.90, 60.18, 97.90, 60.18, 0, 0, 1, 1, A:9.0075->5.0983, ok
95.385, 5.9383, 98.3010, -0.7260, -0.4600, 3.1917, 5.0983, 98.3010, -0.3761, -0.4701, 3.1917, 112.96, 86.47, 4.3252, 2.6830, 0.4427, -0.8967, -3.1071, 1.5341, 707.0000, 610.3704, 1, 22, 0.4878, 7.6915, 7.2037, 2.4816, 0.6124, 0.3876, 112.96, 86.47, 112.96, 86.47, 0, 0, 1, 1, A:5.9383->5.0983, ok
95.993, 8.2717, 102.4441, -0.6471, -0.3529, 3.8693, 5.0983, 102.4441, -0.7260, -0.4600, 3.8693, 107.71, 72.20, 5.8814, 2.9363, 0.2038, -0.9790, -4.0483, 0.8428, 506.0000, 585.6852, 1, 16, 1.7532, 9.7481, 7.9949, 2.9408, 0.6680, 0.3320, 107.71, 72.20, 107.71, 72.20, 0, 0, 1, 1, A:8.2717->5.0983, ok
96.663, 8.9001, 100.4449, -0.5961, -0.3777, 3.2378, 5.0983, 100.4449, -0.6471, -0.3529, 3.2378, 100.30, 68.12, 5.9667, 2.2549, 0.7750, -0.6320, -2.4550, 3.0104, 565.0000, 597.3426, 1, 18, 1.4763, 9.6020, 8.1257, 2.8091, 0.5982, 0.4018, 100.30, 68.12, 100.30, 68.12, 0, 0, 1, 1, A:8.9001->5.0983, ok
97.228, 9.0787, 94.7611, -0.4933, -0.4425, 3.7333, 5.0983, 94.7611, -0.5961, -0.3777, 3.7333, 110.25, 75.51, 5.4670, 2.2279, 0.7918, -0.6108, -2.6168, 3.3923, 600.0000, 633.1713, 1, 19, 0.7019, 9.6178, 8.9159, 3.0883, 0.5583, 0.4417, 110.25, 75.51, 110.25, 75.51, 0, 0, 1, 1, A:9.0787->5.0983, ok
97.802, 7.7820, 100.1526, -0.5841, -0.4071, 3.3825, 5.0983, 100.1526, -0.4933, -0.4425, 3.3825, 110.09, 80.96, 5.0511, 2.3971, 0.6776, -0.7355, -2.9158, 2.6863, 664.0000, 599.0856, 1, 21, 0.5392, 8.6221, 8.0829, 2.8615, 0.6069, 0.3931, 110.09, 80.96, 110.09, 80.96, 0, 0, 1, 1, A:7.7820->5.0983, ok
98.402, 7.8834, 102.2072, -0.6887, -0.4017, 3.2528, 5.0983, 102.2072, -0.5841, -0.4071, 3.2528, 103.81, 73.72, 5.0675, 2.5897, 0.5243, -0.8515, -3.2627, 2.0089, 572.0000, 587.0428, 1, 18, 0.8401, 8.5739, 7.7338, 2.7325, 0.6538, 0.3462, 103.81, 73.72, 103.81, 73.72, 0, 0, 1, 1, A:7.8834->5.0983, ok
99.072, 8.1049, 101.0916, -0.6050, -0.3300, 4.2212, 5.0983, 101.0916, -0.6887, -0.4017, 4.2212, 112.60, 76.68, 5.2645, 2.5533, 0.5549, -0.8319, -3.7550, 2.5047, 569.0000, 593.5214, 1, 18, 0.6905, 9.7329, 9.0424, 3.2220, 0.5782, 0.4218, 112.60, 76.68, 112.60, 76.68, 0, 0, 1, 1, A:8.1049->5.0983, ok
99.599, 9.1713, 94.9727, -0.5418, -0.4433, 3.3421, 5.0983, 94.9727, -0.6050, -0.3300, 3.3421, 103.66, 70.06, 6.0624, 2.2290, 0.7911, -0.6117, -2.3604, 3.0524, 606.0000, 631.7607, 1, 19, 1.6281, 9.6472, 8.0192, 2.7965, 0.5644, 0.4356, 103.66, 70.06, 103.66, 70.06, 0, 0, 1, 1, A:9.1713->5.0983, ok
100.198, 9.1713, 103.6484, -0.6274, -0.3764, 3.5490, 5.0983, 103.6484, -0.5418, -0.4433, 3.5490, 109.85, 80.47, 5.4947, 2.3871, 0.6849, -0.7286, -2.9922, 2.8126, 662.0000, 578.8804, 1, 21, 0.4759, 9.3514, 8.8755, 2.9878, 0.5982, 0.4018, 109.85, 80.47, 109.85, 80.47, 0, 0, 1, 1, A:9.1713->5.0983, ok
100.768, 8.9394, 101.7915, -0.6050, -0.4400, 3.4992, 5.0983, 101.7915, -0.6274, -0.3764, 3.4992, 104.76, 72.82, 5.7185, 2.5591, 0.5501, -0.8351, -3.3102, 2.1806, 533.0000, 589.4402, 1, 17, 1.4349, 9.6619, 8.2270, 2.8292, 0.6248, 0.3752, 104.76, 72.82, 104.76, 72.82, 0, 0, 1, 1, A:8.9394->5.0983, ok
101.474, 8.1234, 103.4982, -0.6368, -0.3474, 3.8104, 5.0983, 103.4982, -0.6050, -0.4400, 3.8104, 110.84, 79.07, 5.5796, 2.4189, 0.6614, -0.7501, -3.3065, 2.9156, 603.0000, 579.7201, 1, 19, 0.7225, 9.7261, 9.0036, 3.1541, 0.6036, 0.3964, 110.84, 79.07, 110.84, 79.07, 0, 0, 1, 1, A:8.1234->5.0983, ok
102.006, 8.9473, 93.3329, -0.3739, -0.4674, 3.4067, 5.0983, 93.3329, -0.6368, -0.3474, 3.4067, 104.00, 68.66, 5.9335, 2.1678, 0.8270, -0.5622, -2.1377, 3.1446, 566.0000, 642.8600, 1, 18, 1.6027, 9.5702, 7.9675, 2.7633, 0.5300, 0.4700, 104.00, 68.66, 104.00, 68.66, 0, 0, 1, 1, A:8.9473->5.0983, ok
102.608, 7.6672, 102.1398, -0.6203, -0.4962, 3.1256, 5.0983, 102.1398, -0.3739, -0.4674, 3.1256, 111.45, 86.80, 5.0169, 2.4941, 0.6032, -0.7976, -2.8902, 2.1856, 711.0000, 587.4300, 1, 22, 0.6229, 8.3403, 7.7174, 2.6903, 0.6301, 0.3699, 111.45, 86.80, 111.45, 86.80, 0, 0, 1, 1, A:7.6672->5.0983, ok
103.209, 8.6508, 100.8887, -0.6030, -0.4385, 3.7254, 5.0983, 100.8887, -0.6203, -0.4962, 3.7254, 110.92, 77.71, 5.0916, 2.7969, 0.3379, -0.9412, -4.0902, 1.4686, 531.0000, 594.7150, 1, 17, 0.6732, 9.4640, 8.7908, 3.0689, 0.6968, 0.3032, 110.92, 77.71, 110.92, 77.71, 0, 0, 1, 1, A:8.6508->5.0983, ok
103.807, 8.7735, 100.3584, -0.5491, -0.3844, 3.6681, 5.0983, 100.3584, -0.6030, -0.4385, 3.6681, 109.57, 76.96, 5.5937, 2.5106, 0.5899, -0.8075, -3.3952, 2.4804, 599.0000, 597.8575, 1, 19, 0.8132, 9.6245, 8.8114, 3.0131, 0.6177, 0.3823, 109.57, 76.96, 109.57, 76.96, 0, 0, 1, 1, A:8.7735->5.0983, ok
104.408, 8.8521, 100.3464, -0.6070, -0.4398, 3.4715, 5.0983, 100.3464, -0.5491, -0.3844, 3.4715, 107.77, 77.27, 5.6358, 2.4314, 0.6520, -0.7582, -3.0616, 2.6326, 601.0000, 597.9288, 1, 19, 0.8510, 9.5825, 8.7315, 2.9161, 0.6140, 0.3860, 107.77, 77.27, 107.77, 77.27, 0, 0, 1, 1, A:8.8521->5.0983, ok
104.974, 8.3203, 100.0894, -0.5491, -0.3844, 3.5879, 5.0983, 100.0894, -0.6070, -0.4398, 3.5879, 108.45, 75.84, 5.2412, 2.4145, 0.6647, -0.7471, -3.1781, 2.8277, 598.0000, 599.4644, 1, 19, 0.7304, 9.4118, 8.6814, 3.0363, 0.6204, 0.3796, 108.45, 75.84, 108.45, 75.84, 0, 0, 1, 1, A:8.3203->5.0983, ok
105.611, 7.9699, 102.9633, -0.6996, -0.4081, 3.0659, 5.0983, 102.9633, -0.5491, -0.3844, 3.0659, 102.02, 73.75, 5.4195, 2.3840, 0.6872, -0.7265, -2.6157, 2.4743, 600.0000, 582.7322, 1, 19, 1.0916, 8.6352, 7.5436, 2.6221, 0.6117, 0.3883, 102.02, 73.75, 102.02, 73.75, 0, 0, 1, 1, A:7.9699->5.0983, ok
106.251, 8.4974, 98.3823, -0.5181, -0.3626, 4.0890, 5.0983, 98.3823, -0.6996, -0.4081, 4.0890, 111.08, 74.11, 5.3002, 2.5238, 0.5792, -0.8152, -3.6113, 2.5658, 568.0000, 609.8661, 1, 18, 0.6653, 9.6619, 8.9965, 3.1598, 0.5810, 0.4190, 111.08, 74.11, 111.08, 74.11, 0, 0, 1, 1, A:8.4974->5.0983, ok
106.788, 8.7810, 96.1642, -0.4655, -0.4655, 3.3017, 5.0983, 96.1642, -0.5181, -0.3626, 3.3017, 106.95, 76.04, 5.6298, 2.3150, 0.7356, -0.6774, -2.5062, 2.7215, 641.0000, 623.9330, 1, 20, 1.1645, 9.2443, 8.0798, 2.7485, 0.5710, 0.4290, 106.95, 76.04, 106.95, 76.04, 0, 0, 1, 1, A:8.7810->5.0983, ok
107.381, 7.8294, 103.1874, -0.6122, -0.4286, 3.5731, 5.0983, 103.1874, -0.4655, -0.4655, 3.5731, 113.63, 85.84, 4.6880, 2.7018, 0.4257, -0.9048, -3.5692, 1.6793, 632.0000, 581.4665, 1, 20, 0.4633, 8.4637, 8.0004, 2.8016, 0.6297, 0.3703, 113.63, 85.84, 113.63, 85.84, 0, 0, 1, 1, A:7.8294->5.0983, ok
107.953, 7.8635, 102.2611, -0.6132, -0.3902, 3.6364, 5.0983, 102.2611, -0.6122, -0.4286, 3.6364, 108.25, 76.31, 4.9608, 2.6404, 0.4805, -0.8770, -3.5121, 1.9241, 538.0000, 586.7333, 1, 17, 0.6343, 8.5216, 7.8873, 2.8448, 0.6190, 0.3810, 108.25, 76.31, 108.25, 76.31, 0, 0, 1, 1, A:7.8635->5.0983, ok
108.584, 7.5204, 103.4721, -0.6335, -0.3455, 3.7594, 5.0983, 103.4721, -0.6132, -0.3902, 3.7594, 108.72, 77.06, 5.5153, 2.4885, 0.6077, -0.7942, -3.4324, 2.6262, 602.0000, 579.8666, 1, 19, 0.6580, 9.6636, 9.0056, 3.0916, 0.6146, 0.3854, 108.72, 77.06, 108.72, 77.06, 0, 0, 1, 1, A:7.5204->5.0983, ok
109.148, 8.8905, 99.1026, -0.5737, -0.4168, 3.3103, 5.0983, 99.1026, -0.6335, -0.3455, 3.3103, 101.81, 69.25, 5.9953, 2.3116, 0.7379, -0.6749, -2.3801, 2.6024, 559.0000, 605.4333, 1, 18, 2.1433, 9.5550, 7.4117, 2.5597, 0.5259, 0.4741, 101.81, 69.25, 101.81, 69.25, 0, 0, 1, 1, A:8.8905->5.0983, ok
109.752, 7.2770, 102.6138, -0.5266, -0.3511, 4.0318, 5.0983, 102.6138, -0.5737, -0.4168, 4.0318, 114.52, 82.64, 5.4394, 2.4897, 0.6067, -0.7949, -3.4826, 2.6580, 643.0000, 584.7167, 1, 20, 0.6644, 9.6852, 9.0208, 3.1308, 0.5708, 0.4292, 114.52, 82.64, 114.52, 82.64, 0, 0, 1, 1, A:7.2770->5.0983, ok
110.327, 7.5821, 101.0342, -0.5473, -0.4925, 3.3133, 5.0983, 101.0342, -0.5266, -0.3511, 3.3133, 105.66, 76.58, 6.1644, 2.5326, 0.5720, -0.8202, -2.9352, 2.0470, 556.0000, 593.8583, 1, 18, 2.4082, 9.6665, 7.2583, 2.5683, 0.5809, 0.4191, 105.66, 76.58, 105.66, 76.58, 0, 0, 1, 1, A:7.5821->5.0983, ok
111.497, 7.3571, 102.5765, -0.7448, -0.4010, 3.4212, 5.0983, 102.5765, -0.5473, -0.4925, 3.4212, 109.31, 79.53, 6.2722, 2.6240, 0.4948, -0.8690, -3.2222, 1.8347, 604.0000, 584.9292, 1, 19, 2.0845, 9.7252, 7.6407, 2.6480, 0.5993, 0.4007, 109.31, 79.53, 109.31, 79.53, 0, 0, 1, 1, A:7.3571->5.0983, ok
112.067, 7.3571, 0.0000, -0.8462, -0.2256, 3.4212, 0.0000, 0.0000, 0.0000, 0.0000, 0.0000, 109.31, 79.53, 6.2722, 2.5602, 0.5492, -0.8357, -3.0831, 2.0262, 1046.0000, 0.0000, 0, 18, 2.3680, 9.7493, 7.3813, 2.6401, 0.7667, 0.2333, 0.00, 0.00, 0.00, 0.00, 0, 0, 0, 0, ok, rapid_ibi_change
112.662, 6.6268, 82.9036, -0.5789, -0.4632, 3.2314, 5.0983, 82.9036, -0.5193, -0.4632, 3.2314, 110.64, 74.00, 6.1291, 1.8738, 0.9544, -0.2984, -1.1509, 3.6816, 700.0000, 723.7323, 1, 22, 0.6647, 9.7497, 9.0850, 2.9394, 0.5329, 0.4671, 110.64, 74.00, 110.64, 74.00, 0, 0, 1, 1, A:6.6268->5.0983, ok
113.297, 6.2812, 90.9965, -0.6101, -0.4437, 2.8597, 5.0983, 90.9965, -0.5789, -0.4632, 2.8597, 102.13, 68.41, 6.6714, 2.3754, 0.6934, -0.7205, -2.3457, 2.2574, 567.0000, 659.3661, 1, 18, 3.1228, 9.7199, 6.5971, 2.3287, 0.5838, 0.4162, 102.13, 68.41, 102.13, 68.41, 0, 0, 1, 1, A:6.2812->5.0983, ok
113.869, 8.9906, 92.7095, -0.5197, -0.4157, 2.5854, 5.0983, 92.7095, -0.6101, -0.4437, 2.5854, 96.62, 63.67, 6.7133, 2.2960, 0.7484, -0.6633, -1.9234, 2.1702, 601.0000, 647.1831, 1, 19, 3.4387, 9.6193, 6.1806, 2.1134, 0.5607, 0.4393, 96.62, 63.67, 96.62, 63.67, 0, 0, 1, 1, A:8.9906->5.0983, ok
114.437, 8.6084, 98.5074, -0.5779, -0.4046, 3.6711, 5.0983, 98.5074, -0.5197, -0.4157, 3.6711, 112.54, 81.33, 5.2532, 2.4269, 0.6554, -0.7553, -3.0992, 2.6893, 630.0000, 609.0915, 1, 20, 0.6287, 9.3333, 8.7046, 2.9438, 0.5794, 0.4206, 112.54, 81.33, 112.54, 81.33, 0, 0, 1, 1, A:8.6084->5.0983, ok
115.306, 8.9049, 101.9462, -0.7553, -0.4067, 3.8005, 5.0983, 101.9462, -0.5779, -0.4046, 3.8005, 111.18, 79.60, 5.4522, 2.4733, 0.6196, -0.7849, -3.3011, 2.6059, 579.0000, 588.5458, 1, 18, 0.7249, 9.6010, 8.8761, 3.0043, 0.5855, 0.4145, 111.18, 79.60, 111.18, 79.60, 0, 0, 1, 1, A:8.9049->5.0983, ok
115.638, 9.1852, 82.2737, -0.9500, -0.4931, 3.4094, 5.0983, 82.2737, -0.7553, -0.4067, 3.4094, 102.90, 59.73, 5.2507, 2.3211, 0.7315, -0.6819, -2.7008, 2.8971, 563.0000, 729.2729, 1, 18, 0.6961, 9.4045, 8.7085, 2.9001, 0.5968, 0.4032, 102.90, 59.73, 102.90, 59.73, 0, 0, 1, 1, A:9.1852->5.0983, ok
