経過時間_秒, A, HR, Mean, Phi, A_used, HR_used, Mean_used, sinPhi_used, cosPhi_used, SBP, DBP, sinPhi, cosPhi, fit_a, fit_b, fit_rmse, IBI_current_ms, IBI_smoothed_ms, used_smoothed_ibi, beat_sample_count, beat_min, beat_max, beat_range, beat_std, systole_ratio, diastole_ratio, SBP_raw, DBP_raw, SBP_attempt_final, DBP_attempt_final, constraint_applied, clamp_applied, feature_clamp_applied, output_valid, feature_clamp_reason, reject_reason
0.010, 3.0735, 104.5296, 3.7424, 2.7226, 3.0735, 104.5296, 3.7424, 0.4068, -0.9135, 122.14, 93.86, 0.4068, -0.9135, -2.8076, 1.2504, 0.4056, 703.0000, 527.9934, 1, 22, 0.3444, 6.8891, 6.5446, 2.2108, 0.6245, 0.3755, 122.14, 93.86, 122.14, 93.86, 0, 0, 1, 1, HR:113.6378->104.5296, ok
0.139, 3.0735, 104.5296, 3.7424, 2.7226, 3.0735, 104.5296, 3.7424, 0.4068, -0.9135, 122.14, 93.86, 0.4068, -0.9135, -2.8076, 1.2504, 0.4056, 703.0000, 527.9934, 1, 22, 0.3444, 6.8891, 6.5446, 2.2108, 0.6245, 0.3755, 122.14, 93.86, 122.14, 93.86, 0, 0, 1, 1, HR:113.6378->104.5296, ok
0.772, 1.0812, 0.0000, 1.8780, 1.8258, 0.0000, 0.0000, 0.0000, 0.0000, 1.0000, 122.14, 93.86, 0.9677, -0.2522, -0.2727, 1.0462, 1.0030, 504.0000, 0.0000, 0, 16, 0.3731, 5.3919, 5.0188, 1.2611, 0.6667, 0.3333, 0.00, 0.00, 0.00, 0.00, 0, 0, 0, 0, ok, poor_sine_fit
1.375, 4.0334, 0.0000, 3.3443, 2.8059, 0.0000, 0.0000, 0.0000, 0.0000, 1.0000, 122.14, 93.86, 0.3294, -0.9442, -3.8083, 1.3288, 1.5831, 636.0000, 0.0000, 0, 20, 0.4767, 9.5401, 9.0634, 3.2619, 0.5833, 0.4167, 0.00, 0.00, 0.00, 0.00, 0, 0, 0, 0, ok, poor_sine_fit
1.945, 4.7656, 104.5296, 5.0245, 2.5832, 4.7656, 104.5296, 5.0245, 0.5299, -0.8481, 126.10, 95.28, 0.5299, -0.8481, -4.0416, 2.5250, 0.3887, 634.0000, 560.1246, 1, 20, 0.3911, 9.8157, 9.4246, 3.3921, 0.5915, 0.4085, 126.10, 95.28, 126.10, 95.28, 0, 0, 1, 1, HR:107.1190->104.5296, ok
2.810, 2.9996, 0.0000, 3.7754, 1.0418, 0.0000, 0.0000, 0.0000, 0.0000, 1.0000, 126.10, 95.28, 0.8633, 0.5047, 1.5138, 2.5896, 1.3277, 602.0000, 0.0000, 0, 19, 0.3092, 8.9228, 8.6135, 2.5023, 0.4618, 0.5382, 0.00, 0.00, 0.00, 0.00, 0, 0, 0, 0, ok, poor_sine_fit
3.348, 0.6744, 0.0000, 1.4207, 1.4116, 0.0000, 0.0000, 0.0000, 0.0000, 1.0000, 126.10, 95.28, 0.9874, 0.1585, 0.1069, 0.6659, 0.4647, 832.0000, 0.0000, 0, 26, 0.1963, 2.6974, 2.5011, 0.6659, 0.7548, 0.2452, 0.00, 0.00, 0.00, 0.00, 0, 0, 0, 0, ok, rapid_ibi_change
3.976, 2.7345, 95.8443, 3.3247, 3.3401, 2.7345, 95.8443, 3.3247, -0.1972, -0.9753, 130.41, 95.96, -0.1972, -0.9804, -2.6809, -0.5392, 0.9460, 606.0000, 626.0156, 1, 19, 0.2573, 6.6620, 6.4047, 2.1526, 0.8977, 0.1023, 130.41, 95.96, 130.41, 95.96, 0, 0, 1, 1, cosPhi:-0.9804->-0.9753, ok
4.517, 2.3169, 95.6163, 7.9433, 3.5494, 2.3169, 95.6163, 7.6781, -0.3966, -0.9180, 126.90, 91.31, -0.3966, -0.9180, -2.1268, -0.9189, 0.7538, 535.0000, 627.5078, 1, 17, 5.0449, 9.9561, 4.9113, 1.8034, 0.3333, 0.6667, 126.90, 91.31, 126.90, 91.31, 0, 0, 1, 1, Mean:7.9433->7.6781, ok
5.149, 1.1703, 102.6951, 8.8029, 2.6893, 1.4079, 102.6951, 7.6781, 0.4370, -0.8994, 126.90, 91.31, 0.4370, -0.8994, -1.0526, 0.5114, 0.2527, 632.0000, 584.2539, 1, 20, 7.2439, 9.9318, 2.6879, 0.8652, 0.5854, 0.4146, 0.00, 0.00, 0.00, 0.00, 0, 0, 1, 0, A:1.1703->1.4079|Mean:8.8029->7.6781, feature_support_violation
5.750, 1.0611, 98.6636, 8.7946, 2.4156, 1.4079, 98.6636, 7.6781, 0.6638, -0.7479, 126.90, 91.31, 0.6638, -0.7479, -0.7936, 0.7044, 0.3204, 530.0000, 608.1269, 1, 17, 7.3423, 9.8888, 2.5465, 0.8159, 0.5566, 0.4434, 0.00, 0.00, 0.00, 0.00, 0, 0, 1, 0, A:1.0611->1.4079|Mean:8.7946->7.6781, feature_support_violation
6.325, 2.1118, 99.3273, 7.8435, 2.4164, 2.1118, 99.3273, 7.6781, 0.6633, -0.7484, 110.98, 83.08, 0.6633, -0.7484, -1.5804, 1.4007, 0.3200, 634.0000, 604.0635, 1, 20, 5.4278, 9.8371, 4.4093, 1.5271, 0.5726, 0.4274, 110.98, 83.08, 110.98, 83.08, 0, 0, 1, 1, Mean:7.8435->7.6781, ok
6.951, 2.5682, 101.6894, 7.4200, 2.5091, 2.5682, 101.6894, 7.4200, 0.5912, -0.8065, 114.42, 86.33, 0.5912, -0.8065, -2.0713, 1.5183, 0.2689, 606.0000, 590.0317, 1, 19, 4.6407, 9.7971, 5.1564, 1.8358, 0.6188, 0.3812, 114.42, 86.33, 114.42, 86.33, 0, 0, 0, 1, ok, ok
7.619, 3.4540, 98.7629, 5.4366, 2.0628, 3.4540, 98.7629, 5.4366, 0.8814, -0.4724, 110.56, 81.32, 0.8814, -0.4724, -1.6316, 3.0444, 0.7520, 571.0000, 607.5159, 1, 18, 0.7171, 8.9874, 8.2703, 2.5555, 0.5377, 0.4623, 110.56, 81.32, 110.56, 81.32, 0, 0, 0, 1, ok, ok
8.228, 2.3083, 0.0000, 3.1711, 1.7036, 0.0000, 0.0000, 0.0000, 0.0000, 1.0000, 110.56, 81.32, 0.9912, -0.1324, -0.3056, 2.2879, 1.0359, 644.0000, 0.0000, 0, 20, 0.3810, 7.3073, 6.9262, 1.9332, 0.5280, 0.4720, 0.00, 0.00, 0.00, 0.00, 0, 0, 0, 0, ok, poor_sine_fit
8.960, 1.5030, 96.2111, 2.3576, 2.3891, 1.5030, 96.2111, 2.5455, 0.6835, -0.7300, 111.67, 84.40, 0.6835, -0.7300, -1.0971, 1.0273, 0.4505, 657.0000, 623.6290, 1, 21, 0.2963, 3.9258, 3.6295, 1.1543, 0.5525, 0.4475, 111.67, 84.40, 111.67, 84.40, 0, 0, 1, 1, Mean:2.3576->2.5455, ok
9.592, 2.4127, 88.5198, 3.2011, 2.6400, 2.4127, 88.5198, 3.2011, 0.4808, -0.8768, 122.06, 89.00, 0.4808, -0.8768, -2.1155, 1.1601, 0.5057, 604.0000, 677.8145, 1, 19, 0.5005, 5.7559, 5.2554, 1.7794, 0.6060, 0.3940, 122.06, 89.00, 122.06, 89.00, 0, 0, 0, 1, ok, ok
10.097, 3.3054, 91.6160, 4.1516, 2.8784, 3.3054, 91.6160, 4.1516, 0.2602, -0.9656, 128.57, 93.88, 0.2602, -0.9656, -3.1916, 0.8600, 0.3983, 738.0000, 654.9072, 1, 23, 0.4208, 7.8722, 7.4514, 2.3710, 0.6491, 0.3509, 128.57, 93.88, 128.57, 93.88, 0, 0, 0, 1, ok, ok
10.733, 3.9858, 0.0000, 6.7188, 3.4298, 0.0000, 0.0000, 0.0000, 0.0000, 1.0000, 128.57, 93.88, -0.2843, -0.9587, -3.8214, -1.1330, 1.0889, 626.0000, 0.0000, 0, 20, 1.5772, 9.9338, 8.3567, 3.0214, 0.7939, 0.2061, 0.00, 0.00, 0.00, 0.00, 0, 0, 0, 0, ok, poor_sine_fit
11.330, 0.6714, 0.0000, 8.8790, 2.2550, 0.0000, 0.0000, 0.0000, 0.0000, 1.0000, 128.57, 93.88, 0.7749, -0.6320, -0.4243, 0.5203, 0.3275, 505.0000, 0.0000, 0, 16, 7.8833, 9.7915, 1.9082, 0.5767, 0.5446, 0.4554, 0.00, 0.00, 0.00, 0.00, 0, 0, 0, 0, ok, rapid_ibi_change
11.961, 3.6762, 99.5870, 6.4853, 2.4011, 3.6762, 99.5870, 6.4853, 0.6746, -0.7382, 118.07, 87.71, 0.6746, -0.7382, -2.7136, 2.4800, 0.7193, 637.0000, 602.4884, 1, 20, 1.7027, 9.8110, 8.1084, 2.6971, 0.5934, 0.4066, 118.07, 87.71, 118.07, 87.71, 0, 0, 0, 1, ok, ok
12.600, 4.4383, 97.2851, 5.8006, 2.5726, 4.4383, 97.2851, 5.8006, 0.5388, -0.8424, 125.79, 92.58, 0.5388, -0.8424, -3.7389, 2.3914, 0.6454, 607.0000, 616.7442, 1, 19, 0.6002, 9.7452, 9.1450, 3.2040, 0.6211, 0.3789, 125.79, 92.58, 125.79, 92.58, 0, 0, 0, 1, ok, ok
13.203, 3.8033, 95.5609, 5.5213, 2.4650, 3.8033, 95.5609, 5.5213, 0.6262, -0.7797, 121.51, 89.21, 0.6262, -0.7797, -2.9655, 2.3815, 0.8516, 634.0000, 627.8721, 1, 20, 0.6502, 9.0702, 8.4200, 2.8210, 0.6009, 0.3991, 121.51, 89.21, 121.51, 89.21, 0, 0, 0, 1, ok, ok
13.869, 4.6362, 97.8895, 5.0525, 2.6892, 4.6362, 97.8895, 5.0525, 0.4371, -0.8994, 129.11, 95.38, 0.4371, -0.8994, -4.1698, 2.0266, 0.3774, 623.0000, 612.9361, 1, 20, 0.4834, 9.8583, 9.3749, 3.2999, 0.6421, 0.3579, 129.11, 95.38, 129.11, 95.38, 0, 0, 0, 1, ok, ok
14.467, 3.9511, 93.4626, 5.6901, 2.2782, 3.9511, 93.4626, 5.6901, 0.7600, -0.6499, 118.61, 85.82, 0.7600, -0.6499, -2.5678, 3.0030, 0.7522, 607.0000, 641.9680, 1, 19, 0.6929, 8.9527, 8.2598, 2.8934, 0.5700, 0.4300, 118.61, 85.82, 118.61, 85.82, 0, 0, 0, 1, ok, ok
15.172, 4.0397, 96.7767, 5.1586, 2.6381, 4.0397, 96.7767, 5.1586, 0.4825, -0.8759, 125.82, 92.92, 0.4825, -0.8759, -3.5383, 1.9493, 0.6969, 666.0000, 619.9840, 1, 21, 0.5544, 9.1657, 8.6113, 2.9403, 0.6096, 0.3904, 125.82, 92.92, 125.82, 92.92, 0, 0, 0, 1, ok, ok
15.713, 3.3025, 90.5671, 4.2077, 2.7166, 3.3025, 90.5671, 4.2077, 0.4123, -0.9110, 126.15, 91.84, 0.4123, -0.9110, -3.0087, 1.3617, 0.4394, 601.0000, 662.4920, 1, 19, 0.5200, 7.0449, 6.5249, 2.3762, 0.6589, 0.3411, 126.15, 91.84, 126.15, 91.84, 0, 0, 0, 1, ok, ok
16.341, 3.2294, 99.7928, 4.1550, 3.0332, 3.2294, 99.7928, 4.1550, 0.1081, -0.9753, 127.98, 95.84, 0.1081, -0.9941, -3.2105, 0.3492, 0.6655, 703.0000, 601.2460, 1, 22, 0.3777, 7.5050, 7.1273, 2.3785, 0.6657, 0.3343, 127.98, 95.84, 127.98, 95.84, 0, 0, 1, 1, cosPhi:-0.9941->-0.9753, ok
16.972, 4.0263, 97.5415, 4.5926, 3.2726, 4.0263, 97.5415, 4.5926, -0.1306, -0.9753, 134.12, 98.25, -0.1306, -0.9914, -3.9918, -0.5260, 0.2438, 532.0000, 615.1230, 1, 17, 0.4864, 8.2980, 7.8117, 2.8575, 0.7538, 0.2462, 134.12, 98.25, 134.12, 98.25, 0, 0, 1, 1, cosPhi:-0.9914->-0.9753, ok
17.547, 3.8223, 96.2987, 4.5392, 2.9003, 3.8223, 96.2987, 4.5392, 0.2390, -0.9710, 129.74, 95.84, 0.2390, -0.9710, -3.7115, 0.9135, 0.3287, 637.0000, 623.0615, 1, 20, 0.5562, 8.2976, 7.7414, 2.7227, 0.6295, 0.3705, 129.74, 95.84, 129.74, 95.84, 0, 0, 0, 1, ok, ok
18.143, 3.6033, 100.1618, 4.6040, 3.0489, 3.6033, 100.1618, 4.6040, 0.0926, -0.9753, 129.38, 96.58, 0.0926, -0.9957, -3.5879, 0.3337, 0.5925, 638.0000, 599.0308, 1, 20, 0.4520, 8.0918, 7.6399, 2.6159, 0.6865, 0.3135, 129.38, 96.58, 129.38, 96.58, 0, 0, 1, 1, cosPhi:-0.9957->-0.9753, ok
18.816, 3.6033, 100.1618, 4.6040, 3.0489, 3.6033, 100.1618, 4.6040, 0.0926, -0.9753, 129.38, 96.58, 0.0926, -0.9957, -3.5879, 0.3337, 0.5925, 638.0000, 599.0308, 1, 20, 0.4520, 8.0918, 7.6399, 2.6159, 0.6865, 0.3135, 129.38, 96.58, 129.38, 96.58, 0, 0, 1, 1, cosPhi:-0.9957->-0.9753, ok
19.420, 4.8525, 94.4127, 5.2450, 3.0530, 4.8525, 94.4127, 5.2450, 0.0885, -0.9753, 135.82, 98.39, 0.0885, -0.9961, -4.8335, 0.4293, 0.4076, 693.0000, 635.5077, 1, 18, 0.5050, 9.8091, 9.3041, 3.4554, 0.7778, 0.2222, 135.82, 98.39, 135.82, 98.39, 0, 0, 1, 1, cosPhi:-0.9961->-0.9753, ok
19.986, 2.5418, 0.0000, 6.2535, 1.0312, 0.0000, 0.0000, 0.0000, 0.0000, 1.0000, 135.82, 98.39, 0.8579, 0.5138, 1.3060, 2.1806, 2.1145, 1142.0000, 0.0000, 0, 35, 0.4950, 9.7325, 9.2375, 2.7752, 0.3818, 0.6182, 0.00, 0.00, 0.00, 0.00, 0, 0, 0, 0, ok, rapid_ibi_change
20.623, 4.1603, 101.2869, 5.1277, 2.9256, 4.1603, 101.2869, 5.1277, 0.2143, -0.9753, 129.95, 97.23, 0.2143, -0.9768, -4.0637, 0.8916, 0.3785, 600.0000, 592.3769, 1, 19, 0.5167, 9.0453, 8.5286, 2.9661, 0.6700, 0.3300, 129.95, 97.23, 129.95, 97.23, 0, 0, 1, 1, cosPhi:-0.9768->-0.9753, ok
21.218, 4.5934, 97.5311, 5.5229, 2.7963, 4.5934, 97.5311, 5.5229, 0.3385, -0.9410, 130.56, 96.18, 0.3385, -0.9410, -4.3222, 1.5549, 0.3521, 568.0000, 615.1885, 1, 18, 0.5649, 9.7818, 9.2169, 3.2670, 0.6567, 0.3433, 130.56, 96.18, 130.56, 96.18, 0, 0, 0, 1, ok, ok
21.924, 4.4370, 99.2401, 5.8998, 2.5583, 4.4370, 99.2401, 5.8998, 0.5508, -0.8346, 124.96, 92.59, 0.5508, -0.8346, -3.7033, 2.4439, 0.6058, 642.0000, 604.5942, 1, 20, 0.7229, 9.8071, 9.0842, 3.1954, 0.6340, 0.3660, 124.96, 92.59, 124.96, 92.59, 0, 0, 0, 1, ok, ok
22.499, 3.7646, 91.4917, 5.8164, 2.4034, 3.7646, 91.4917, 5.8164, 0.6729, -0.7397, 120.89, 87.21, 0.6729, -0.7397, -2.7847, 2.5333, 0.8240, 596.0000, 655.7971, 1, 19, 0.8553, 9.1577, 8.3024, 2.7866, 0.5705, 0.4295, 120.89, 87.21, 120.89, 87.21, 0, 0, 0, 1, ok, ok
23.094, 4.1601, 97.4978, 4.9422, 2.6385, 4.1601, 97.4978, 4.9422, 0.4821, -0.8761, 126.30, 93.51, 0.4821, -0.8761, -3.6447, 2.0056, 0.4004, 705.0000, 615.3986, 1, 22, 0.3953, 9.2532, 8.8579, 2.9688, 0.6355, 0.3645, 126.30, 93.51, 126.30, 93.51, 0, 0, 0, 1, ok, ok
23.726, 4.0762, 99.1409, 5.5907, 2.8401, 4.0762, 99.1409, 5.5907, 0.2969, -0.9549, 128.59, 95.54, 0.2969, -0.9549, -3.8924, 1.2102, 0.5610, 571.0000, 605.1993, 1, 18, 0.6767, 9.5045, 8.8278, 2.9364, 0.6585, 0.3415, 128.59, 95.54, 128.59, 95.54, 0, 0, 0, 1, ok, ok
24.393, 4.5244, 96.9933, 5.6193, 2.7005, 4.5244, 96.9933, 5.6193, 0.4269, -0.9043, 128.71, 94.68, 0.4269, -0.9043, -4.0914, 1.9314, 0.3884, 589.0000, 618.5996, 1, 19, 0.6795, 9.7954, 9.1159, 3.2227, 0.6214, 0.3786, 128.71, 94.68, 128.71, 94.68, 0, 0, 0, 1, ok, ok
24.958, 4.0390, 93.3417, 5.7636, 2.3694, 4.0390, 93.3417, 5.7636, 0.6977, -0.7164, 120.93, 87.64, 0.6977, -0.7164, -2.8936, 2.8180, 0.7380, 640.0000, 642.7998, 1, 20, 0.6099, 9.4049, 8.7950, 2.9498, 0.5750, 0.4250, 120.93, 87.64, 120.93, 87.64, 0, 0, 0, 1, ok, ok
25.525, 4.4955, 99.3542, 6.0407, 2.7519, 4.4955, 99.3542, 6.0407, 0.3799, -0.9250, 128.64, 95.31, 0.3799, -0.9250, -4.1584, 1.7080, 0.6635, 669.0000, 603.8999, 1, 21, 0.4950, 9.8223, 9.3273, 3.2473, 0.6532, 0.3468, 128.64, 95.31, 128.64, 95.31, 0, 0, 0, 1, ok, ok
26.231, 2.6292, 102.5729, 7.3493, 2.6782, 2.6292, 102.5729, 7.3493, 0.4470, -0.8945, 117.72, 89.16, 0.4470, -0.8945, -2.3519, 1.1752, 0.2945, 566.0000, 584.9500, 1, 18, 4.4649, 9.8334, 5.3685, 1.8823, 0.6466, 0.3534, 117.72, 89.16, 117.72, 89.16, 0, 0, 0, 1, ok, ok
26.796, 2.5920, 92.9548, 6.9650, 2.4333, 2.5920, 92.9548, 6.9650, 0.6505, -0.7595, 115.40, 84.12, 0.6505, -0.7595, -1.9685, 1.6862, 0.3629, 569.0000, 645.4750, 1, 18, 4.0910, 9.6342, 5.5431, 1.8684, 0.5835, 0.4165, 115.40, 84.12, 115.40, 84.12, 0, 0, 0, 1, ok, ok
27.436, 4.4733, 99.4633, 5.7668, 2.4270, 4.4733, 99.4633, 5.7668, 0.6553, -0.7554, 122.51, 90.70, 0.6553, -0.7554, -3.3790, 2.9314, 0.6285, 700.0000, 603.2375, 1, 22, 0.4824, 9.8998, 9.4174, 3.2250, 0.5757, 0.4243, 122.51, 90.70, 122.51, 90.70, 0, 0, 0, 1, ok, ok
28.094, 2.7238, 96.1356, 7.2383, 2.4426, 2.7238, 96.1356, 7.2383, 0.6434, -0.7655, 115.21, 84.91, 0.6434, -0.7655, -2.0851, 1.7526, 0.2379, 573.0000, 624.1187, 1, 18, 4.3868, 9.8107, 5.4239, 1.9407, 0.5951, 0.4049, 115.21, 84.91, 115.21, 84.91, 0, 0, 0, 1, ok, ok
28.744, 2.4382, 93.5951, 7.3086, 2.3013, 2.4382, 93.5951, 7.3086, 0.7448, -0.6672, 111.58, 81.23, 0.7448, -0.6672, -1.6268, 1.8160, 0.5037, 630.0000, 641.0594, 1, 20, 4.4648, 9.7499, 5.2851, 1.7961, 0.5905, 0.4095, 111.58, 81.23, 111.58, 81.23, 0, 0, 0, 1, ok, ok
29.369, 4.1602, 92.9469, 5.4857, 2.4907, 4.1602, 92.9469, 5.4857, 0.6059, -0.7955, 124.23, 90.16, 0.6059, -0.7955, -3.3095, 2.5207, 0.6738, 664.0000, 645.5297, 1, 21, 0.4150, 9.5205, 9.1056, 3.0179, 0.6024, 0.3976, 124.23, 90.16, 124.23, 90.16, 0, 0, 0, 1, ok, ok
29.988, 4.0856, 94.4488, 5.4829, 2.6466, 4.0856, 94.4488, 5.4829, 0.4750, -0.8800, 126.55, 92.55, 0.4750, -0.8800, -3.5953, 1.9407, 0.6521, 646.0000, 635.2648, 1, 20, 0.4510, 9.4537, 9.0027, 2.9616, 0.6409, 0.3591, 126.55, 92.55, 126.55, 92.55, 0, 0, 0, 1, ok, ok
30.609, 3.8529, 95.9030, 5.0634, 2.7302, 3.8529, 95.9030, 5.0634, 0.3998, -0.9166, 126.94, 93.60, 0.3998, -0.9166, -3.5315, 1.5406, 0.6869, 629.0000, 625.6324, 1, 20, 0.5124, 8.7643, 8.2519, 2.8097, 0.6343, 0.3657, 126.94, 93.60, 126.94, 93.60, 0, 0, 0, 1, ok, ok
31.278, 4.6352, 96.0282, 5.1501, 2.7886, 4.6352, 96.0282, 5.1501, 0.3457, -0.9383, 131.21, 96.24, 0.3457, -0.9383, -4.3493, 1.6025, 0.3947, 617.0000, 624.8162, 1, 19, 0.5300, 9.7610, 9.2310, 3.3012, 0.6191, 0.3809, 131.21, 96.24, 131.21, 96.24, 0, 0, 0, 1, ok, ok
31.847, 4.3889, 92.7489, 5.3303, 2.3601, 4.3889, 92.7489, 5.3303, 0.7044, -0.7098, 122.65, 88.59, 0.7044, -0.7098, -3.1154, 3.0914, 0.4734, 618.0000, 646.9081, 1, 20, 0.5147, 9.4816, 8.9669, 3.1393, 0.5858, 0.4142, 122.65, 88.59, 122.65, 88.59, 0, 0, 0, 1, ok, ok
32.445, 4.3889, 92.7489, 5.3303, 2.3601, 4.3889, 92.7489, 5.3303, 0.7044, -0.7098, 122.65, 88.59, 0.7044, -0.7098, -3.1154, 3.0914, 0.4734, 618.0000, 646.9081, 1, 20, 0.5147, 9.4816, 8.9669, 3.1393, 0.5858, 0.4142, 122.65, 88.59, 122.65, 88.59, 0, 0, 0, 1, ok, ok
33.121, 2.5095, 0.0000, 4.3535, 2.5401, 0.0000, 0.0000, 0.0000, 0.0000, 1.0000, 122.65, 88.59, 0.5659, -0.8245, -2.0691, 1.4200, 1.3993, 747.0000, 0.0000, 0, 23, 0.4027, 8.2070, 7.8042, 2.2598, 0.6452, 0.3548, 0.00, 0.00, 0.00, 0.00, 0, 0, 0, 0, ok, poor_sine_fit
33.652, 0.9994, 0.0000, 6.0539, 4.9469, 0.0000, 0.0000, 0.0000, 0.0000, 1.0000, 122.65, 88.59, -0.9726, 0.2323, 0.2322, -0.9721, 2.9985, 1090.0000, 0.0000, 0, 34, 0.8285, 9.8158, 8.9874, 3.0807, 0.8826, 0.1174, 0.00, 0.00, 0.00, 0.00, 0, 0, 0, 0, ok, rapid_ibi_change
34.285, 3.4351, 102.5103, 5.0077, 2.6058, 3.4351, 102.5103, 5.0077, 0.5105, -0.8599, 121.30, 91.93, 0.5105, -0.8599, -2.9537, 1.7537, 0.8836, 672.0000, 585.3068, 1, 21, 0.6632, 7.9523, 7.2891, 2.5847, 0.6548, 0.3452, 121.30, 91.93, 121.30, 91.93, 0, 0, 0, 1, ok, ok
34.882, 4.3842, 98.4974, 5.0970, 2.8939, 4.3842, 98.4974, 5.0970, 0.2451, -0.9695, 131.19, 97.13, 0.2451, -0.9695, -4.2504, 1.0748, 0.2351, 535.0000, 609.1534, 1, 17, 0.6857, 9.5932, 8.9074, 3.1090, 0.7009, 0.2991, 131.19, 97.13, 131.19, 97.13, 0, 0, 0, 1, ok, ok
35.513, 4.0218, 99.5724, 5.2326, 2.6256, 4.0218, 99.5724, 5.2326, 0.4934, -0.8698, 124.78, 93.08, 0.4934, -0.8698, -3.4982, 1.9843, 0.6627, 631.0000, 602.5767, 1, 20, 0.6417, 9.1525, 8.5108, 2.9200, 0.6387, 0.3613, 124.78, 93.08, 124.78, 93.08, 0, 0, 0, 1, ok, ok
36.060, 3.5378, 97.1993, 4.5583, 2.6764, 3.5378, 97.1993, 4.5583, 0.4486, -0.8937, 124.62, 92.69, 0.4486, -0.8937, -3.1618, 1.5871, 0.4541, 602.0000, 617.2883, 1, 19, 0.5508, 7.5442, 6.9934, 2.5424, 0.6262, 0.3738, 124.62, 92.69, 124.62, 92.69, 0, 0, 0, 1, ok, ok
36.664, 4.0253, 103.1559, 4.7938, 2.7695, 4.0253, 103.1559, 4.7938, 0.3636, -0.9316, 126.73, 95.85, 0.3636, -0.9316, -3.7498, 1.4635, 0.3180, 640.0000, 581.6442, 1, 20, 0.4513, 8.7292, 8.2779, 2.8640, 0.6359, 0.3641, 126.73, 95.85, 126.73, 95.85, 0, 0, 0, 1, ok, ok
37.289, 4.0253, 103.1559, 4.7938, 2.7695, 4.0253, 103.1559, 4.7938, 0.3636, -0.9316, 126.73, 95.85, 0.3636, -0.9316, -3.7498, 1.4635, 0.3180, 640.0000, 581.6442, 1, 20, 0.4513, 8.7292, 8.2779, 2.8640, 0.6359, 0.3641, 126.73, 95.85, 126.73, 95.85, 0, 0, 0, 1, ok, ok
37.930, 3.8206, 98.5770, 5.7425, 2.8069, 3.8206, 98.5770, 5.7425, 0.3285, -0.9445, 127.01, 94.33, 0.3285, -0.9445, -3.6085, 1.2552, 0.5492, 718.0000, 608.6610, 1, 17, 1.7020, 9.6456, 7.9436, 2.7568, 0.7340, 0.2660, 127.01, 94.33, 127.01, 94.33, 0, 0, 0, 1, ok, ok
38.523, 1.7297, 0.0000, 5.5947, 1.1713, 0.0000, 0.0000, 0.0000, 0.0000, 1.0000, 127.01, 94.33, 0.9212, 0.3890, 0.6728, 1.5935, 2.6467, 1052.0000, 0.0000, 0, 33, 0.5726, 9.6469, 9.0744, 2.9157, 0.3470, 0.6530, 0.00, 0.00, 0.00, 0.00, 0, 0, 0, 0, ok, rapid_ibi_change
39.164, 4.5304, 98.4954, 5.8779, 2.4897, 4.5304, 98.4954, 5.8779, 0.6067, -0.7949, 124.21, 91.65, 0.6067, -0.7949, -3.6013, 2.7487, 0.6033, 627.0000, 609.1653, 1, 20, 0.6311, 9.9475, 9.3164, 3.2598, 0.5821, 0.4179, 124.21, 91.65, 124.21, 91.65, 0, 0, 0, 1, ok, ok
39.795, 3.1895, 95.9873, 6.8767, 2.1602, 3.1895, 95.9873, 6.8767, 0.8313, -0.5558, 111.40, 81.11, 0.8313, -0.5558, -1.7729, 2.6514, 0.8593, 604.0000, 625.0826, 1, 19, 2.0220, 9.7407, 7.7187, 2.4135, 0.5033, 0.4967, 111.40, 81.11, 111.40, 81.11, 0, 0, 0, 1, ok, ok
40.463, 4.5364, 95.5351, 5.7467, 2.4836, 4.5364, 95.5351, 5.7467, 0.6115, -0.7912, 124.91, 91.20, 0.6115, -0.7912, -3.5893, 2.7741, 0.5002, 632.0000, 628.0413, 1, 20, 0.6177, 9.8274, 9.2097, 3.2465, 0.5949, 0.4051, 124.91, 91.20, 124.91, 91.20, 0, 0, 0, 1, ok, ok
41.036, 3.5953, 92.5896, 6.4078, 2.3974, 3.5953, 92.5896, 6.4078, 0.6774, -0.7356, 119.40, 86.41, 0.6774, -0.7356, -2.6448, 2.4354, 0.8225, 637.0000, 648.0207, 1, 20, 1.5876, 9.7251, 8.1375, 2.6720, 0.5761, 0.4239, 119.40, 86.41, 119.40, 86.41, 0, 0, 0, 1, ok, ok
41.635, 4.0968, 98.2784, 5.3605, 2.5593, 4.0968, 98.2784, 5.3605, 0.5499, -0.8352, 124.08, 92.00, 0.5499, -0.8352, -3.4217, 2.2530, 0.6922, 666.0000, 610.5103, 1, 21, 0.5382, 9.2693, 8.7311, 2.9784, 0.6066, 0.3934, 124.08, 92.00, 124.08, 92.00, 0, 0, 0, 1, ok, ok
42.226, 3.6361, 99.2137, 5.5353, 2.6667, 3.6361, 99.2137, 5.5353, 0.4572, -0.8894, 123.78, 92.39, 0.4572, -0.8894, -3.2337, 1.6625, 0.7471, 578.0000, 604.7552, 1, 18, 0.8563, 9.1748, 8.3184, 2.6774, 0.5917, 0.4083, 123.78, 92.39, 123.78, 92.39, 0, 0, 0, 1, ok, ok
42.837, 4.5963, 100.3550, 5.2851, 2.6647, 4.5963, 100.3550, 5.2851, 0.4590, -0.8884, 127.75, 95.16, 0.4590, -0.8884, -4.0835, 2.1099, 0.3692, 595.0000, 597.8776, 1, 19, 0.5937, 9.7712, 9.1775, 3.2710, 0.6134, 0.3866, 127.75, 95.16, 127.75, 95.16, 0, 0, 0, 1, ok, ok
43.435, 3.3648, 99.2656, 6.4110, 2.2972, 3.3648, 99.2656, 6.4110, 0.7476, -0.6642, 114.64, 85.06, 0.7476, -0.6642, -2.2349, 2.5155, 0.6976, 604.0000, 604.4388, 1, 19, 2.1999, 9.6765, 7.4767, 2.4795, 0.5629, 0.4371, 114.64, 85.06, 114.64, 85.06, 0, 0, 0, 1, ok, ok
44.042, 4.1826, 99.8802, 5.4439, 2.4043, 4.1826, 99.8802, 5.4439, 0.6723, -0.7403, 120.88, 89.87, 0.6723, -0.7403, -3.0963, 2.8120, 0.5722, 599.0000, 600.7194, 1, 19, 0.6228, 9.5121, 8.8893, 3.0124, 0.5643, 0.4357, 120.88, 89.87, 120.88, 89.87, 0, 0, 0, 1, ok, ok
44.709, 4.0658, 99.3608, 5.5484, 2.5209, 4.0658, 99.3608, 5.5484, 0.5816, -0.8135, 122.82, 91.35, 0.5816, -0.8135, -3.3075, 2.3646, 0.7893, 603.0000, 603.8597, 1, 19, 0.7787, 9.4905, 8.7118, 2.9814, 0.6136, 0.3864, 122.82, 91.35, 122.82, 91.35, 0, 0, 0, 1, ok, ok
45.242, 4.3622, 94.3500, 5.3971, 2.6310, 4.3622, 94.3500, 5.3971, 0.4887, -0.8725, 127.53, 93.09, 0.4887, -0.8725, -3.8059, 2.1317, 0.5447, 605.0000, 635.9298, 1, 19, 0.5434, 9.6786, 9.1352, 3.1323, 0.6182, 0.3818, 127.53, 93.09, 127.53, 93.09, 0, 0, 0, 1, ok, ok
45.841, 3.5484, 0.0000, 5.0695, 2.7129, 0.0000, 0.0000, 0.0000, 0.0000, 1.0000, 127.53, 93.09, 0.4157, -0.9095, -3.2273, 1.4750, 1.0038, 666.0000, 0.0000, 0, 21, 0.4769, 8.4179, 7.9411, 2.7024, 0.6486, 0.3514, 0.00, 0.00, 0.00, 0.00, 0, 0, 0, 0, ok, poor_sine_fit
46.388, 4.3932, 101.4829, 5.1061, 3.1233, 4.3932, 101.4829, 5.1061, 0.0183, -0.9753, 132.91, 98.75, 0.0183, -0.9998, -4.3925, 0.0803, 0.2665, 537.0000, 591.2325, 1, 17, 0.5729, 9.3477, 8.7749, 3.1179, 0.6872, 0.3128, 132.91, 98.75, 132.91, 98.75, 0, 0, 1, 1, cosPhi:-0.9998->-0.9753, ok
47.083, 4.4092, 104.5296, 5.3021, 2.7404, 4.4092, 104.5296, 5.3021, 0.3905, -0.9206, 127.25, 96.31, 0.3905, -0.9206, -4.0591, 1.7217, 0.3600, 598.0000, 569.6162, 1, 19, 0.6514, 9.7033, 9.0519, 3.1385, 0.6187, 0.3813, 127.25, 96.31, 127.25, 96.31, 0, 0, 1, 1, HR:105.3341->104.5296, ok
47.614, 3.8880, 94.9655, 5.7182, 2.5001, 3.8880, 94.9655, 5.7182, 0.5984, -0.8012, 122.61, 89.76, 0.5984, -0.8012, -3.1151, 2.3264, 0.5726, 536.0000, 631.8081, 1, 17, 1.4787, 9.5377, 8.0590, 2.8082, 0.5709, 0.4291, 122.61, 89.76, 122.61, 89.76, 0, 0, 0, 1, ok, ok
48.211, 4.0126, 103.1985, 4.8958, 2.5512, 4.0126, 103.1985, 4.8958, 0.5567, -0.8307, 122.64, 92.77, 0.5567, -0.8307, -3.3332, 2.2339, 0.5254, 695.0000, 581.4041, 1, 22, 0.5573, 9.0035, 8.4462, 2.8855, 0.5741, 0.4259, 122.64, 92.77, 122.64, 92.77, 0, 0, 0, 1, ok, ok
48.815, 4.0401, 101.7463, 5.7218, 2.7935, 4.0401, 101.7463, 5.7218, 0.3411, -0.9400, 126.97, 95.25, 0.3411, -0.9400, -3.7978, 1.3781, 0.4397, 536.0000, 589.7020, 1, 17, 1.4858, 9.6458, 8.1600, 2.8904, 0.6157, 0.3843, 126.97, 95.25, 126.97, 95.25, 0, 0, 0, 1, ok, ok
49.454, 4.4663, 100.5276, 5.5578, 2.4657, 4.4663, 100.5276, 5.5578, 0.6256, -0.7801, 123.14, 91.65, 0.6256, -0.7801, -3.4843, 2.7943, 0.5093, 605.0000, 596.8510, 1, 19, 0.6508, 9.7784, 9.1276, 3.1990, 0.6198, 0.3802, 123.14, 91.65, 123.14, 91.65, 0, 0, 0, 1, ok, ok
50.020, 4.2278, 97.0991, 5.6709, 2.3492, 4.2278, 97.0991, 5.6709, 0.7120, -0.7022, 120.45, 88.41, 0.7120, -0.7022, -2.9687, 3.0102, 0.6867, 604.0000, 617.9255, 1, 19, 0.6513, 9.5675, 8.9162, 3.0674, 0.5629, 0.4371, 120.45, 88.41, 120.45, 88.41, 0, 0, 0, 1, ok, ok
50.659, 4.4147, 101.4434, 5.7734, 2.4660, 4.4147, 101.4434, 5.7734, 0.6254, -0.7803, 122.57, 91.51, 0.6254, -0.7803, -3.4450, 2.7608, 0.5725, 632.0000, 591.4628, 1, 20, 0.5627, 9.8220, 9.2592, 3.1737, 0.5934, 0.4066, 122.57, 91.51, 122.57, 91.51, 0, 0, 0, 1, ok, ok
51.285, 3.2308, 97.5243, 6.6900, 2.3447, 3.2308, 97.5243, 6.6900, 0.7152, -0.6989, 115.34, 85.11, 0.7152, -0.6989, -2.2580, 2.3107, 0.5307, 566.0000, 615.2314, 1, 18, 3.1265, 9.7180, 6.5914, 2.3454, 0.5459, 0.4541, 115.34, 85.11, 115.34, 85.11, 0, 0, 0, 1, ok, ok
51.852, 4.3443, 96.6782, 5.7601, 2.4398, 4.3443, 96.6782, 5.7601, 0.6456, -0.7637, 122.90, 90.16, 0.6456, -0.7637, -3.3176, 2.8047, 0.7106, 634.0000, 620.6157, 1, 20, 0.5667, 9.7476, 9.1809, 3.1530, 0.5868, 0.4132, 122.90, 90.16, 122.90, 90.16, 0, 0, 0, 1, ok, ok
52.493, 4.4167, 100.9578, 5.5721, 2.5032, 4.4167, 100.9578, 5.5721, 0.5959, -0.8031, 123.57, 92.19, 0.5959, -0.8031, -3.5469, 2.6319, 0.5942, 634.0000, 594.3078, 1, 20, 0.5616, 9.7247, 9.1632, 3.1791, 0.5836, 0.4164, 123.57, 92.19, 123.57, 92.19, 0, 0, 0, 1, ok, ok
53.063, 3.9828, 97.2205, 5.9317, 2.4575, 3.9828, 97.2205, 5.9317, 0.6319, -0.7750, 121.47, 89.49, 0.6319, -0.7750, -3.0867, 2.5169, 0.5710, 565.0000, 617.1539, 1, 18, 1.3369, 9.6754, 8.3384, 2.8736, 0.5929, 0.4071, 121.47, 89.49, 121.47, 89.49, 0, 0, 0, 1, ok, ok
53.693, 3.9762, 101.0821, 6.1499, 2.4545, 3.9762, 101.0821, 6.1499, 0.6343, -0.7731, 120.30, 89.87, 0.6343, -0.7731, -3.0740, 2.5220, 0.6709, 642.0000, 593.5770, 1, 20, 1.4844, 9.7727, 8.2882, 2.8905, 0.5794, 0.4206, 120.30, 89.87, 120.30, 89.87, 0, 0, 0, 1, ok, ok
54.305, 4.1388, 97.9930, 5.9455, 2.4985, 4.1388, 97.9930, 5.9455, 0.5996, -0.8003, 122.78, 90.67, 0.5996, -0.8003, -3.3121, 2.4818, 0.5328, 565.0000, 612.2885, 1, 18, 1.2093, 9.6990, 8.4897, 2.9747, 0.5965, 0.4035, 122.78, 90.67, 122.78, 90.67, 0, 0, 0, 1, ok, ok
54.904, 4.3895, 98.0161, 5.7160, 2.3962, 4.3895, 98.0161, 5.7160, 0.6783, -0.7348, 121.89, 89.76, 0.6783, -0.7348, -3.2254, 2.9774, 0.7110, 642.0000, 612.1442, 1, 20, 0.5323, 9.7956, 9.2633, 3.1842, 0.5810, 0.4190, 121.89, 89.76, 121.89, 89.76, 0, 0, 0, 1, ok, ok
55.503, 4.3895, 98.0161, 5.7160, 2.3962, 4.3895, 98.0161, 5.7160, 0.6783, -0.7348, 121.89, 89.76, 0.6783, -0.7348, -3.2254, 2.9774, 0.7110, 642.0000, 612.1442, 1, 20, 0.5323, 9.7956, 9.2633, 3.1842, 0.5810, 0.4190, 121.89, 89.76, 121.89, 89.76, 0, 0, 0, 1, ok, ok
56.095, 4.0973, 0.0000, 5.8522, 2.5705, 0.0000, 0.0000, 0.0000, 0.0000, 1.0000, 121.89, 89.76, 0.5406, -0.8413, -3.4470, 2.2148, 0.6680, 843.0000, 0.0000, 0, 19, 1.1209, 9.6513, 8.5304, 2.9732, 0.7355, 0.2645, 0.00, 0.00, 0.00, 0.00, 0, 0, 0, 0, ok, rapid_ibi_change
56.706, 3.6481, 0.0000, 6.4851, 1.2665, 0.0000, 0.0000, 0.0000, 0.0000, 1.0000, 121.89, 89.76, 0.9541, 0.2996, 1.0930, 3.4805, 1.6799, 954.0000, 0.0000, 0, 30, 0.6729, 9.7447, 9.0718, 3.0783, 0.5650, 0.4350, 0.00, 0.00, 0.00, 0.00, 0, 0, 0, 0, ok, rapid_ibi_change
57.303, 3.9993, 99.3157, 6.0011, 2.4053, 3.9993, 99.3157, 6.0011, 0.6715, -0.7410, 119.91, 88.92, 0.6715, -0.7410, -2.9634, 2.6857, 0.6491, 601.0000, 604.1340, 1, 19, 1.0111, 9.7654, 8.7543, 2.9015, 0.5624, 0.4376, 119.91, 88.92, 119.91, 88.92, 0, 0, 0, 1, ok, ok
58.011, 4.2350, 99.9056, 5.8940, 2.4606, 4.2350, 99.9056, 5.8940, 0.6296, -0.7769, 121.99, 90.63, 0.6296, -0.7769, -3.2903, 2.6662, 0.6062, 602.0000, 600.5670, 1, 19, 0.8835, 9.7526, 8.8691, 3.0553, 0.6113, 0.3887, 121.99, 90.63, 121.99, 90.63, 0, 0, 0, 1, ok, ok
58.608, 3.7494, 91.8437, 6.0952, 2.2994, 3.7494, 91.8437, 6.0952, 0.7461, -0.6658, 118.35, 85.15, 0.7461, -0.6658, -2.4964, 2.7976, 0.6977, 602.0000, 653.2835, 1, 19, 1.5191, 9.6581, 8.1390, 2.7415, 0.5498, 0.4502, 118.35, 85.15, 118.35, 85.15, 0, 0, 0, 1, ok, ok
59.206, 4.0709, 95.8249, 4.8529, 2.4517, 4.0709, 95.8249, 4.8529, 0.6364, -0.7713, 122.73, 90.21, 0.6364, -0.7713, -3.1400, 2.5908, 0.4926, 704.0000, 626.1418, 1, 22, 0.4831, 8.8482, 8.3651, 2.9204, 0.5810, 0.4190, 122.73, 90.21, 122.73, 90.21, 0, 0, 0, 1, ok, ok
59.845, 4.3279, 98.0279, 5.0778, 2.6151, 4.3279, 98.0279, 5.0778, 0.5025, -0.8646, 126.38, 93.58, 0.5025, -0.8646, -3.7419, 2.1746, 0.3858, 601.0000, 612.0709, 1, 19, 0.5025, 9.5607, 9.0582, 3.0845, 0.6223, 0.3777, 126.38, 93.58, 126.38, 93.58, 0, 0, 0, 1, ok, ok
60.492, 4.3122, 95.9178, 5.4085, 2.3683, 4.3122, 95.9178, 5.4085, 0.6985, -0.7156, 121.67, 88.98, 0.6985, -0.7156, -3.0859, 3.0121, 0.5158, 599.0000, 625.5354, 1, 19, 0.5793, 9.6869, 9.1077, 3.0925, 0.5609, 0.4391, 121.67, 88.98, 121.67, 88.98, 0, 0, 0, 1, ok, ok
61.120, 4.5200, 94.2999, 5.6359, 2.3396, 4.5200, 94.2999, 5.6359, 0.7187, -0.6953, 122.21, 88.57, 0.7187, -0.6953, -3.1427, 3.2486, 0.5293, 634.0000, 636.2677, 1, 20, 0.5950, 9.7798, 9.1848, 3.2397, 0.5836, 0.4164, 122.21, 88.57, 122.21, 88.57, 0, 0, 0, 1, ok, ok
61.718, 3.5823, 94.9166, 5.5053, 2.1991, 3.5823, 94.9166, 5.5053, 0.8090, -0.5878, 115.05, 83.73, 0.8090, -0.5878, -2.1057, 2.8981, 0.9204, 644.0000, 632.1339, 1, 20, 0.7732, 8.7981, 8.0250, 2.6951, 0.5357, 0.4643, 115.05, 83.73, 115.05, 83.73, 0, 0, 0, 1, ok, ok
62.351, 4.4213, 97.5504, 4.7213, 2.6048, 4.4213, 97.5504, 4.7213, 0.5114, -0.8594, 126.92, 93.86, 0.5114, -0.8594, -3.7995, 2.2610, 0.5443, 634.0000, 615.0669, 1, 20, 0.5438, 9.6682, 9.1244, 3.1734, 0.5804, 0.4196, 126.92, 93.86, 126.92, 93.86, 0, 0, 0, 1, ok, ok
62.976, 3.8319, 96.2258, 6.0851, 2.4050, 3.8319, 96.2258, 6.0851, 0.6718, -0.7407, 119.89, 87.95, 0.6718, -0.7407, -2.8384, 2.5743, 0.5431, 600.0000, 623.5335, 1, 19, 1.7829, 9.7416, 7.9587, 2.7634, 0.5633, 0.4367, 119.89, 87.95, 119.89, 87.95, 0, 0, 0, 1, ok, ok
63.682, 3.5923, 0.0000, 6.0944, 2.1546, 0.0000, 0.0000, 0.0000, 0.0000, 1.0000, 119.89, 87.95, 0.8343, -0.5512, -1.9802, 2.9972, 1.0682, 624.0000, 0.0000, 0, 20, 0.9080, 9.5130, 8.6050, 2.7556, 0.5369, 0.4631, 0.00, 0.00, 0.00, 0.00, 0, 0, 0, 0, ok, poor_sine_fit
64.212, 4.3473, 90.2075, 4.9613, 2.5411, 4.3473, 90.2075, 4.9613, 0.5650, -0.8251, 127.02, 91.40, 0.5650, -0.8251, -3.5868, 2.4564, 0.5052, 641.0000, 665.1334, 1, 20, 0.5956, 9.5950, 8.9994, 3.1153, 0.5897, 0.4103, 127.02, 91.40, 127.02, 91.40, 0, 0, 0, 1, ok, ok
64.855, 3.7637, 100.4072, 4.8542, 2.5749, 3.7637, 100.4072, 4.8542, 0.5369, -0.8437, 122.73, 92.10, 0.5369, -0.8437, -3.1754, 2.0205, 0.6811, 697.0000, 597.5667, 1, 22, 0.4922, 8.5862, 8.0941, 2.7471, 0.6255, 0.3745, 122.73, 92.10, 122.73, 92.10, 0, 0, 0, 1, ok, ok
65.453, 4.4207, 96.6521, 5.2722, 2.7652, 4.4207, 96.6521, 5.2722, 0.3675, -0.9300, 129.67, 95.43, 0.3675, -0.9300, -4.1114, 1.6248, 0.3755, 540.0000, 620.7833, 1, 17, 0.5962, 9.6382, 9.0420, 3.1484, 0.6278, 0.3722, 129.67, 95.43, 129.67, 95.43, 0, 0, 0, 1, ok, ok
66.092, 4.4066, 98.4588, 5.8202, 2.4079, 4.4066, 98.4588, 5.8202, 0.6696, -0.7427, 122.04, 90.00, 0.6696, -0.7427, -3.2729, 2.9507, 0.6093, 630.0000, 609.3917, 1, 20, 0.5615, 9.8061, 9.2446, 3.1750, 0.5873, 0.4127, 122.04, 90.00, 122.04, 90.00, 0, 0, 0, 1, ok, ok
66.650, 3.5918, 96.2007, 6.4030, 2.3335, 3.5918, 96.2007, 6.4030, 0.7230, -0.6909, 117.15, 85.83, 0.7230, -0.6909, -2.4814, 2.5968, 0.7261, 605.0000, 623.6958, 1, 19, 1.9820, 9.7474, 7.7654, 2.6415, 0.5719, 0.4281, 117.15, 85.83, 117.15, 85.83, 0, 0, 0, 1, ok, ok
67.259, 4.2117, 101.4631, 5.9103, 2.4899, 4.2117, 101.4631, 5.9103, 0.6065, -0.7951, 122.09, 91.28, 0.6065, -0.7951, -3.3485, 2.5545, 0.7053, 631.0000, 591.3479, 1, 20, 0.7094, 9.7439, 9.0345, 3.0605, 0.5848, 0.4152, 122.09, 91.28, 122.09, 91.28, 0, 0, 0, 1, ok, ok
67.928, 3.7027, 99.9710, 6.2361, 2.4288, 3.7027, 99.9710, 6.2361, 0.6540, -0.7565, 118.82, 88.50, 0.6540, -0.7565, -2.8012, 2.4214, 0.5389, 570.0000, 600.1740, 1, 18, 1.7529, 9.6696, 7.9167, 2.6731, 0.5912, 0.4088, 118.82, 88.50, 118.82, 88.50, 0, 0, 0, 1, ok, ok
68.557, 3.7883, 94.5497, 6.0896, 2.2225, 3.7883, 94.5497, 6.0896, 0.7950, -0.6066, 116.18, 84.22, 0.7950, -0.6066, -2.2979, 3.0118, 0.7537, 601.0000, 634.5870, 1, 19, 1.2261, 9.6231, 8.3970, 2.7828, 0.5691, 0.4309, 116.18, 84.22, 116.18, 84.22, 0, 0, 0, 1, ok, ok
69.095, 3.5760, 95.0430, 4.7011, 2.3737, 3.5760, 95.0430, 4.7011, 0.6946, -0.7194, 119.26, 87.60, 0.6946, -0.7194, -2.5726, 2.4838, 0.7023, 664.0000, 631.2935, 1, 21, 0.5523, 8.1827, 7.6304, 2.6243, 0.6024, 0.3976, 119.26, 87.60, 119.26, 87.60, 0, 0, 0, 1, ok, ok
69.697, 3.8896, 102.6261, 4.8209, 2.9370, 3.8896, 102.6261, 4.8209, 0.2032, -0.9753, 128.76, 97.03, 0.2032, -0.9791, -3.8085, 0.7903, 0.4728, 638.0000, 584.6467, 1, 20, 0.6292, 8.7444, 8.1152, 2.7907, 0.6270, 0.3730, 128.76, 97.03, 128.76, 97.03, 0, 0, 1, 1, cosPhi:-0.9791->-0.9753, ok
70.303, 4.4510, 101.0401, 5.5090, 2.9596, 4.4510, 101.0401, 5.5090, 0.1810, -0.9753, 131.37, 97.79, 0.1810, -0.9835, -4.3775, 0.8056, 0.3097, 534.0000, 593.8234, 1, 17, 0.9382, 9.7403, 8.8021, 3.1625, 0.6873, 0.3127, 131.37, 97.79, 131.37, 97.79, 0, 0, 1, 1, cosPhi:-0.9835->-0.9753, ok
70.968, 4.0826, 100.0147, 5.9380, 2.5397, 4.0826, 100.0147, 5.9380, 0.5662, -0.8243, 122.86, 91.50, 0.5662, -0.8243, -3.3651, 2.3117, 0.6330, 604.0000, 599.9117, 1, 19, 1.0384, 9.7525, 8.7140, 2.9554, 0.6142, 0.3858, 122.86, 91.50, 122.86, 91.50, 0, 0, 0, 1, ok, ok
71.499, 4.0392, 94.8683, 5.7577, 2.3761, 4.0392, 94.8683, 5.7577, 0.6929, -0.7211, 120.71, 88.00, 0.6929, -0.7211, -2.9125, 2.7986, 0.6935, 597.0000, 632.4558, 1, 19, 0.7718, 9.6691, 8.8973, 2.9391, 0.5561, 0.4439, 120.71, 88.00, 120.71, 88.00, 0, 0, 0, 1, ok, ok
72.103, 3.6795, 103.2297, 5.3772, 2.5587, 3.6795, 103.2297, 5.3772, 0.5504, -0.8349, 121.05, 91.69, 0.5504, -0.8349, -3.0719, 2.0253, 0.8757, 673.0000, 581.2279, 1, 21, 0.6275, 8.8366, 8.2092, 2.7452, 0.6033, 0.3967, 121.05, 91.69, 121.05, 91.69, 0, 0, 0, 1, ok, ok
72.801, 4.4223, 101.2463, 5.2138, 2.7735, 4.4223, 101.2463, 5.2138, 0.3598, -0.9330, 128.72, 96.29, 0.3598, -0.9330, -4.1260, 1.5914, 0.2716, 532.0000, 592.6140, 1, 17, 0.6438, 9.5859, 8.9421, 3.1388, 0.6429, 0.3571, 128.72, 96.29, 128.72, 96.29, 0, 0, 0, 1, ok, ok
73.939, 4.2291, 93.0511, 5.5892, 2.4935, 4.2291, 93.0511, 5.5892, 0.6037, -0.7972, 124.49, 90.32, 0.6037, -0.7972, -3.3715, 2.5530, 0.6196, 601.0000, 644.8070, 1, 19, 0.7283, 9.6229, 8.8946, 3.0539, 0.6223, 0.3777, 124.49, 90.32, 124.49, 90.32, 0, 0, 0, 1, ok, ok
74.504, 3.2955, 0.0000, 4.8070, 2.5644, 0.0000, 0.0000, 0.0000, 0.0000, 1.0000, 124.49, 90.32, 0.5457, -0.8380, -2.7616, 1.7984, 0.9167, 1030.0000, 0.0000, 0, 22, 0.4762, 7.9348, 7.4586, 2.5041, 0.7388, 0.2612, 0.00, 0.00, 0.00, 0.00, 0, 0, 0, 0, ok, rapid_ibi_change
75.141, 3.6639, 0.0000, 5.6151, 2.1748, 0.0000, 0.0000, 0.0000, 0.0000, 1.0000, 124.49, 90.32, 0.8231, -0.5680, -2.0810, 3.0156, 1.3347, 811.0000, 0.0000, 0, 25, 0.6833, 9.8285, 9.1452, 2.9144, 0.6584, 0.3416, 0.00, 0.00, 0.00, 0.00, 0, 0, 0, 0, ok, rapid_ibi_change
75.773, 2.7999, 87.9313, 6.9808, 2.5968, 2.7999, 87.9313, 6.9808, 0.5182, -0.8552, 120.76, 86.45, 0.5182, -0.8552, -2.3945, 1.4510, 0.3220, 552.0000, 682.3509, 1, 18, 3.9701, 9.7613, 5.7912, 2.0058, 0.6395, 0.3605, 120.76, 86.45, 120.76, 86.45, 0, 0, 0, 1, ok, ok
76.316, 3.9120, 91.2998, 6.0819, 2.4516, 3.9120, 91.2998, 6.0819, 0.6365, -0.7713, 122.40, 88.18, 0.6365, -0.7713, -3.0172, 2.4900, 0.8271, 649.0000, 657.1754, 1, 20, 1.0437, 9.7251, 8.6814, 2.8872, 0.5763, 0.4237, 122.40, 88.18, 122.40, 88.18, 0, 0, 0, 1, ok, ok
76.980, 3.5807, 99.9021, 5.5048, 2.6981, 3.5807, 99.9021, 5.5048, 0.4291, -0.9033, 123.95, 92.80, 0.4291, -0.9033, -3.2343, 1.5365, 0.9333, 631.0000, 600.5877, 1, 20, 0.9138, 8.7876, 7.8738, 2.6985, 0.6387, 0.3613, 123.95, 92.80, 123.95, 92.80, 0, 0, 0, 1, ok, ok
77.585, 4.4549, 94.8926, 5.4549, 2.8216, 4.4549, 94.8926, 5.4549, 0.3146, -0.9492, 131.05, 95.74, 0.3146, -0.9492, -4.2287, 1.4015, 0.3174, 538.0000, 632.2939, 1, 17, 0.7809, 9.7335, 8.9526, 3.1661, 0.6896, 0.3104, 131.05, 95.74, 131.05, 95.74, 0, 0, 0, 1, ok, ok
78.149, 3.9947, 97.0643, 5.4095, 2.4156, 3.9947, 97.0643, 5.4095, 0.6639, -0.7478, 121.01, 89.18, 0.6639, -0.7478, -2.9873, 2.6521, 0.7963, 668.0000, 618.1469, 1, 21, 0.5525, 9.0368, 8.4843, 2.9348, 0.6018, 0.3982, 121.01, 89.18, 121.01, 89.18, 0, 0, 0, 1, ok, ok
78.751, 4.0589, 101.4244, 5.2317, 2.7575, 4.0589, 101.4244, 5.2317, 0.3747, -0.9272, 126.84, 95.19, 0.3747, -0.9272, -3.7632, 1.5208, 0.4145, 613.0000, 591.5735, 1, 19, 0.7042, 8.9813, 8.2771, 2.8999, 0.6949, 0.3051, 126.84, 95.19, 126.84, 95.19, 0, 0, 0, 1, ok, ok
79.454, 4.3304, 100.5384, 5.8036, 2.8252, 4.3304, 100.5384, 5.8036, 0.3112, -0.9504, 128.98, 96.09, 0.3112, -0.9504, -4.1154, 1.3474, 0.4971, 562.0000, 596.7867, 1, 18, 0.9723, 9.7444, 8.7721, 3.1021, 0.6708, 0.3292, 128.98, 96.09, 128.98, 96.09, 0, 0, 0, 1, ok, ok
80.028, 4.0231, 92.3228, 5.9002, 2.5820, 4.0231, 92.3228, 5.9002, 0.5308, -0.8475, 125.33, 90.82, 0.5308, -0.8475, -3.4095, 2.1354, 0.7664, 590.0000, 649.8934, 1, 19, 1.0248, 9.6196, 8.5947, 2.9462, 0.6186, 0.3814, 125.33, 90.82, 125.33, 90.82, 0, 0, 0, 1, ok, ok
80.526, 3.3452, 0.0000, 4.9884, 2.7836, 0.0000, 0.0000, 0.0000, 0.0000, 1.0000, 125.33, 90.82, 0.3504, -0.9366, -3.1331, 1.1723, 1.0034, 706.0000, 0.0000, 0, 22, 0.6234, 8.1577, 7.5343, 2.5695, 0.6601, 0.3399, 0.00, 0.00, 0.00, 0.00, 0, 0, 0, 0, ok, poor_sine_fit
81.159, 3.3452, 0.0000, 4.9884, 2.7836, 0.0000, 0.0000, 0.0000, 0.0000, 1.0000, 125.33, 90.82, 0.3504, -0.9366, -3.1331, 1.1723, 1.0034, 706.0000, 0.0000, 0, 22, 0.6234, 8.1577, 7.5343, 2.5695, 0.6601, 0.3399, 0.00, 0.00, 0.00, 0.00, 0, 0, 0, 0, ok, poor_sine_fit
81.795, 4.0757, 100.9911, 5.1081, 3.2861, 4.0757, 100.9911, 5.1081, -0.1440, -0.9753, 133.31, 98.59, -0.1440, -0.9896, -4.0332, -0.5870, 0.3281, 571.0000, 594.1117, 1, 18, 0.6738, 8.7822, 8.1085, 2.9006, 0.7776, 0.2224, 133.31, 98.59, 133.31, 98.59, 0, 0, 1, 1, cosPhi:-0.9896->-0.9753, ok
82.361, 0.4250, 0.0000, 5.2431, 0.1895, 0.0000, 0.0000, 0.0000, 0.0000, 1.0000, 133.31, 98.59, 0.1884, 0.9821, 0.4174, 0.0801, 3.0494, 1132.0000, 0.0000, 0, 35, 0.5519, 9.6309, 9.0790, 3.0642, 0.3224, 0.6776, 0.00, 0.00, 0.00, 0.00, 0, 0, 0, 0, ok, invalid_amplitude
82.995, 4.3310, 101.6901, 5.2182, 2.7384, 4.3310, 101.6901, 5.2182, 0.3923, -0.9198, 127.63, 95.70, 0.3923, -0.9198, -3.9838, 1.6992, 0.4474, 638.0000, 590.0279, 1, 20, 0.5355, 9.4607, 8.9252, 3.0950, 0.6301, 0.3699, 127.63, 95.70, 127.63, 95.70, 0, 0, 0, 1, ok, ok
83.659, 4.1489, 97.9570, 5.7171, 2.5981, 4.1489, 97.9570, 5.7171, 0.5171, -0.8559, 124.91, 92.39, 0.5171, -0.8559, -3.5511, 2.1454, 0.5291, 569.0000, 612.5140, 1, 18, 0.8094, 9.7029, 8.8935, 2.9810, 0.5923, 0.4077, 124.91, 92.39, 124.91, 92.39, 0, 0, 0, 1, ok, ok
84.257, 4.2577, 94.0797, 5.7956, 2.4648, 4.2577, 94.0797, 5.7956, 0.6263, -0.7796, 123.66, 89.92, 0.6263, -0.7796, -3.3193, 2.6665, 0.7426, 635.0000, 637.7570, 1, 20, 0.6343, 9.7081, 9.0739, 3.1008, 0.5953, 0.4047, 123.66, 89.92, 123.66, 89.92, 0, 0, 0, 1, ok, ok
84.898, 4.4257, 97.0280, 5.4068, 2.5142, 4.4257, 97.0280, 5.4068, 0.5870, -0.8096, 124.89, 91.90, 0.5870, -0.8096, -3.5829, 2.5980, 0.5223, 664.0000, 618.3785, 1, 21, 0.5443, 9.6762, 9.1319, 3.1728, 0.6099, 0.3901, 124.89, 91.90, 124.89, 91.90, 0, 0, 0, 1, ok, ok
85.571, 3.9106, 95.4367, 5.5045, 2.4425, 3.9106, 95.4367, 5.5045, 0.6435, -0.7654, 121.55, 89.10, 0.6435, -0.7654, -2.9933, 2.5166, 0.7233, 603.0000, 628.6892, 1, 19, 0.6950, 9.2872, 8.5923, 2.8583, 0.5672, 0.4328, 121.55, 89.10, 121.55, 89.10, 0, 0, 0, 1, ok, ok
86.173, 4.5010, 92.0465, 5.2524, 2.5566, 4.5010, 92.0465, 5.2524, 0.5522, -0.8337, 127.36, 92.09, 0.5522, -0.8337, -3.7525, 2.4854, 0.4546, 636.0000, 651.8446, 1, 20, 0.5401, 9.7199, 9.1798, 3.2150, 0.5975, 0.4025, 127.36, 92.09, 127.36, 92.09, 0, 0, 0, 1, ok, ok
86.833, 4.0677, 95.7056, 5.6671, 2.3687, 4.0677, 95.7056, 5.6671, 0.6982, -0.7159, 120.52, 88.14, 0.6982, -0.7159, -2.9120, 2.8401, 0.7294, 667.0000, 626.9223, 1, 21, 0.6795, 9.6973, 9.0178, 2.9673, 0.5592, 0.4408, 120.52, 88.14, 120.52, 88.14, 0, 0, 0, 1, ok, ok
87.476, 4.3994, 93.3182, 5.4553, 2.5228, 4.3994, 93.3182, 5.4553, 0.5801, -0.8146, 125.83, 91.36, 0.5801, -0.8146, -3.5836, 2.5520, 0.5201, 607.0000, 642.9612, 1, 19, 0.5984, 9.6655, 9.0672, 3.1540, 0.6227, 0.3773, 125.83, 91.36, 125.83, 91.36, 0, 0, 0, 1, ok, ok
88.042, 4.5255, 93.2429, 5.2567, 2.2853, 4.5255, 93.2429, 5.2567, 0.7554, -0.6552, 121.56, 87.70, 0.7554, -0.6552, -2.9651, 3.4188, 0.4479, 657.0000, 643.4806, 1, 21, 0.4026, 9.7343, 9.3317, 3.2312, 0.5556, 0.4444, 121.56, 87.70, 121.56, 87.70, 0, 0, 0, 1, ok, ok
88.675, 3.2540, 99.2982, 6.0902, 2.3501, 3.2540, 99.2982, 6.0902, 0.7114, -0.7028, 115.48, 85.99, 0.7114, -0.7028, -2.2868, 2.3150, 0.9036, 641.0000, 604.2403, 1, 20, 1.5443, 9.0304, 7.4862, 2.4720, 0.5850, 0.4150, 115.48, 85.99, 115.48, 85.99, 0, 0, 0, 1, ok, ok
89.339, 4.4165, 96.9901, 5.7661, 2.7556, 4.4165, 96.9901, 5.7661, 0.3765, -0.9264, 129.10, 94.99, 0.3765, -0.9264, -4.0916, 1.6626, 0.4058, 567.0000, 618.6201, 1, 18, 0.7963, 9.8094, 9.0131, 3.1492, 0.6755, 0.3245, 129.10, 94.99, 129.10, 94.99, 0, 0, 0, 1, ok, ok
89.945, 3.4964, 93.4856, 6.5650, 2.3416, 3.4964, 93.4856, 6.5650, 0.7174, -0.6967, 117.48, 85.19, 0.7174, -0.6967, -2.4360, 2.5082, 0.8240, 636.0000, 641.8101, 1, 20, 1.6052, 9.7607, 8.1555, 2.6061, 0.5865, 0.4135, 117.48, 85.19, 117.48, 85.19, 0, 0, 0, 1, ok, ok
90.580, 4.7369, 96.2456, 5.6640, 2.4879, 4.7369, 96.2456, 5.6640, 0.6081, -0.7938, 125.74, 91.95, 0.6081, -0.7938, -3.7603, 2.8807, 0.4366, 669.0000, 623.4050, 1, 21, 0.4439, 9.8858, 9.4419, 3.3778, 0.5994, 0.4006, 125.74, 91.95, 125.74, 91.95, 0, 0, 0, 1, ok, ok
91.213, 2.5575, 95.2831, 7.3024, 2.3290, 2.5575, 95.2831, 7.3024, 0.7261, -0.6876, 112.28, 82.31, 0.7261, -0.6876, -1.7586, 1.8569, 0.6709, 605.0000, 629.7025, 1, 19, 4.0174, 9.7390, 5.7216, 1.9289, 0.5603, 0.4397, 112.28, 82.31, 112.28, 82.31, 0, 0, 0, 1, ok, ok
91.883, 4.5767, 95.1096, 5.3068, 2.4520, 4.5767, 95.1096, 5.3068, 0.6362, -0.7715, 124.82, 91.04, 0.6362, -0.7715, -3.5310, 2.9118, 0.3465, 633.0000, 630.8513, 1, 20, 0.4951, 9.7951, 9.3000, 3.2547, 0.5845, 0.4155, 124.82, 91.04, 124.82, 91.04, 0, 0, 0, 1, ok, ok
93.052, 3.9573, 92.1764, 5.9026, 2.3603, 3.9573, 92.1764, 5.9026, 0.7042, -0.7100, 120.59, 86.98, 0.7042, -0.7100, -2.8098, 2.7866, 0.9396, 624.0000, 650.9256, 1, 20, 0.5549, 9.6076, 9.0527, 2.9518, 0.5801, 0.4199, 120.59, 86.98, 120.59, 86.98, 0, 0, 0, 1, ok, ok
93.621, 3.9431, 0.0000, 4.9669, 2.5877, 0.0000, 0.0000, 0.0000, 0.0000, 1.0000, 120.59, 86.98, 0.5260, -0.8505, -3.3535, 2.0740, 0.4497, 1072.0000, 0.0000, 0, 21, 0.5541, 8.7044, 8.1502, 2.8242, 0.7453, 0.2547, 0.00, 0.00, 0.00, 0.00, 0, 0, 0, 0, ok, rapid_ibi_change
94.323, 3.6918, 0.0000, 5.9809, 2.0020, 0.0000, 0.0000, 0.0000, 0.0000, 1.0000, 120.59, 86.98, 0.9085, -0.4180, -1.5431, 3.3538, 1.2935, 770.0000, 0.0000, 0, 24, 0.6388, 9.7828, 9.1440, 2.9134, 0.4844, 0.5156, 0.00, 0.00, 0.00, 0.00, 0, 0, 0, 0, ok, poor_sine_fit
94.823, 2.7176, 83.2477, 6.5092, 2.5922, 2.7176, 83.2477, 6.5092, 0.5222, -0.8528, 121.75, 85.80, 0.5222, -0.8528, -2.3177, 1.4191, 0.7246, 568.0000, 720.7407, 1, 18, 3.4414, 9.4954, 6.0539, 2.0537, 0.5792, 0.4208, 121.75, 85.80, 121.75, 85.80, 0, 0, 0, 1, ok, ok
95.385, 3.4472, 98.3010, 4.3252, 2.7574, 3.4472, 98.3010, 4.3252, 0.3748, -0.9271, 125.51, 93.83, 0.3748, -0.9271, -3.1959, 1.2919, 0.4656, 705.0000, 610.3704, 1, 22, 0.4878, 7.6915, 7.2037, 2.4816, 0.6184, 0.3816, 125.51, 93.83, 125.51, 93.83, 0, 0, 0, 1, ok, ok
95.993, 4.1293, 102.4441, 5.8814, 3.0699, 4.1293, 102.4441, 5.8814, 0.0716, -0.9753, 130.53, 97.41, 0.0716, -0.9974, -4.1187, 0.2958, 0.3509, 505.0000, 585.6852, 1, 16, 1.7532, 9.7481, 7.9949, 2.9408, 0.6733, 0.3267, 130.53, 97.41, 130.53, 97.41, 0, 0, 1, 1, cosPhi:-0.9974->-0.9753, ok
96.663, 3.8760, 100.4449, 5.9667, 2.3679, 3.8760, 100.4449, 5.9667, 0.6988, -0.7153, 118.34, 88.15, 0.6988, -0.7153, -2.7726, 2.7085, 0.6160, 565.0000, 597.3426, 1, 18, 1.4763, 9.6020, 8.1257, 2.8091, 0.6018, 0.3982, 118.34, 88.15, 118.34, 88.15, 0, 0, 0, 1, ok, ok
97.228, 4.2866, 94.7611, 5.4670, 2.3338, 4.2866, 94.7611, 5.4670, 0.7227, -0.6911, 121.07, 88.07, 0.7227, -0.6911, -2.9625, 3.0981, 0.5919, 601.0000, 633.1713, 1, 19, 0.7019, 9.6178, 8.9159, 3.0883, 0.5624, 0.4376, 121.07, 88.07, 121.07, 88.07, 0, 0, 0, 1, ok, ok
97.802, 3.9490, 100.1526, 5.0511, 2.4796, 3.9490, 100.1526, 5.0511, 0.6147, -0.7888, 121.59, 90.89, 0.6147, -0.7888, -3.1149, 2.4274, 0.6250, 664.0000, 599.0856, 1, 21, 0.5392, 8.6221, 8.0829, 2.8615, 0.6114, 0.3886, 121.59, 90.89, 121.59, 90.89, 0, 0, 0, 1, ok, ok
98.402, 3.7950, 102.2072, 5.0675, 2.7001, 3.7950, 102.2072, 5.0675, 0.4273, -0.9041, 124.61, 94.05, 0.4273, -0.9041, -3.4311, 1.6216, 0.5155, 573.0000, 587.0428, 1, 18, 0.8401, 8.5739, 7.7338, 2.7325, 0.6579, 0.3421, 124.61, 94.05, 124.61, 94.05, 0, 0, 0, 1, ok, ok
99.072, 4.5311, 101.0916, 5.2645, 2.6652, 4.5311, 101.0916, 5.2645, 0.4586, -0.8886, 127.31, 95.13, 0.4586, -0.8886, -4.0265, 2.0780, 0.3406, 569.0000, 593.5214, 1, 18, 0.6905, 9.7329, 9.0424, 3.2220, 0.5852, 0.4148, 127.31, 95.13, 127.31, 95.13, 0, 0, 0, 1, ok, ok
99.599, 3.8529, 94.9727, 6.0624, 2.3329, 3.8529, 94.9727, 6.0624, 0.7234, -0.6905, 118.77, 86.54, 0.7234, -0.6905, -2.6603, 2.7870, 0.6310, 605.0000, 631.7607, 1, 19, 1.6281, 9.6472, 8.0192, 2.7965, 0.5702, 0.4298, 118.77, 86.54, 118.77, 86.54, 0, 0, 0, 1, ok, ok
100.198, 4.0687, 103.6484, 5.4947, 2.4723, 4.0687, 103.6484, 5.4947, 0.6205, -0.7842, 120.84, 91.28, 0.6205, -0.7842, -3.1908, 2.5245, 0.8061, 662.0000, 578.8804, 1, 21, 0.4759, 9.3514, 8.8755, 2.9878, 0.6027, 0.3973, 120.84, 91.28, 120.84, 91.28, 0, 0, 0, 1, ok, ok
100.768, 3.9417, 101.7915, 5.7185, 2.6831, 3.9417, 101.7915, 5.7185, 0.4426, -0.8967, 124.65, 93.65, 0.4426, -0.8967, -3.5346, 1.7446, 0.4854, 533.0000, 589.4402, 1, 17, 1.4349, 9.6619, 8.2270, 2.8292, 0.6304, 0.3696, 124.65, 93.65, 124.65, 93.65, 0, 0, 0, 1, ok, ok
101.474, 4.4046, 103.4982, 5.5796, 2.5198, 4.4046, 103.4982, 5.5796, 0.5825, -0.8128, 123.22, 92.82, 0.5825, -0.8128, -3.5802, 2.5656, 0.4981, 603.0000, 579.7201, 1, 19, 0.7225, 9.7261, 9.0036, 3.1541, 0.6086, 0.3914, 123.22, 92.82, 123.22, 92.82, 0, 0, 0, 1, ok, ok
102.006, 3.7960, 93.3329, 5.9335, 2.2842, 3.7960, 93.3329, 5.9335, 0.7561, -0.6544, 117.96, 85.34, 0.7561, -0.6544, -2.4842, 2.8703, 0.6566, 566.0000, 642.8600, 1, 18, 1.6027, 9.5702, 7.9675, 2.7633, 0.5353, 0.4647, 117.96, 85.34, 117.96, 85.34, 0, 0, 0, 1, ok, ok
102.608, 3.5694, 102.1398, 5.0169, 2.5691, 3.5694, 102.1398, 5.0169, 0.5417, -0.8406, 121.26, 91.67, 0.5417, -0.8406, -3.0003, 1.9336, 0.9314, 711.0000, 587.4300, 1, 22, 0.6229, 8.3403, 7.7174, 2.6903, 0.6343, 0.3657, 121.26, 91.67, 121.26, 91.67, 0, 0, 0, 1, ok, ok
103.209, 4.3270, 100.8887, 5.0916, 2.9211, 4.3270, 100.8887, 5.0916, 0.2187, -0.9753, 130.75, 97.60, 0.2187, -0.9758, -4.2223, 0.9463, 0.2381, 530.0000, 594.7150, 1, 17, 0.6732, 9.4640, 8.7908, 3.0689, 0.7019, 0.2981, 130.75, 97.60, 130.75, 97.60, 0, 0, 1, 1, cosPhi:-0.9758->-0.9753, ok
103.807, 4.1752, 100.3584, 5.5937, 2.6140, 4.1752, 100.3584, 5.5937, 0.5035, -0.8640, 124.81, 93.16, 0.5035, -0.8640, -3.6074, 2.1021, 0.6022, 599.0000, 597.8575, 1, 19, 0.8132, 9.6245, 8.8114, 3.0131, 0.6210, 0.3790, 124.81, 93.16, 124.81, 93.16, 0, 0, 0, 1, ok, ok
104.408, 3.9987, 100.3464, 5.6358, 2.5359, 3.9987, 100.3464, 5.6358, 0.5694, -0.8221, 122.53, 91.51, 0.5694, -0.8221, -3.2872, 2.2767, 0.7133, 601.0000, 597.9288, 1, 19, 0.8510, 9.5825, 8.7315, 2.9161, 0.6173, 0.3827, 122.53, 91.51, 122.53, 91.51, 0, 0, 0, 1, ok, ok
104.974, 4.2537, 100.0894, 5.2412, 2.5179, 4.2537, 100.0894, 5.2412, 0.5841, -0.8117, 123.57, 92.12, 0.5841, -0.8117, -3.4528, 2.4844, 0.4153, 600.0000, 599.4644, 1, 19, 0.7304, 9.4118, 8.6814, 3.0363, 0.6250, 0.3750, 123.57, 92.12, 123.57, 92.12, 0, 0, 0, 1, ok, ok
105.611, 3.5646, 102.9633, 5.4195, 2.4831, 3.5646, 102.9633, 5.4195, 0.6119, -0.7909, 119.10, 90.13, 0.6119, -0.7909, -2.8194, 2.1812, 0.7225, 601.0000, 582.7322, 1, 19, 1.0916, 8.6352, 7.5436, 2.6221, 0.6190, 0.3810, 119.10, 90.13, 119.10, 90.13, 0, 0, 0, 1, ok, ok
106.251, 4.4345, 98.3823, 5.3002, 2.6367, 4.4345, 98.3823, 5.3002, 0.4837, -0.8752, 127.02, 94.05, 0.4837, -0.8752, -3.8813, 2.1448, 0.3902, 566.0000, 609.8661, 1, 18, 0.6653, 9.6619, 8.9965, 3.1598, 0.5883, 0.4117, 127.02, 94.05, 127.02, 94.05, 0, 0, 0, 1, ok, ok
106.788, 3.6386, 96.1642, 5.6298, 2.4102, 3.6386, 96.1642, 5.6298, 0.6679, -0.7443, 119.45, 87.88, 0.6679, -0.7443, -2.7081, 2.4302, 0.9668, 640.0000, 623.9330, 1, 20, 1.1645, 9.2443, 8.0798, 2.7485, 0.5750, 0.4250, 119.45, 87.88, 119.45, 87.88, 0, 0, 0, 1, ok, ok
107.381, 3.9183, 103.1874, 4.6880, 2.7962, 3.9183, 103.1874, 4.6880, 0.3385, -0.9410, 126.77, 95.97, 0.3385, -0.9410, -3.6869, 1.3265, 0.4154, 633.0000, 581.4665, 1, 20, 0.4633, 8.4637, 8.0004, 2.8016, 0.6335, 0.3665, 126.77, 95.97, 126.77, 95.97, 0, 0, 0, 1, ok, ok
107.953, 3.9967, 102.2611, 4.9608, 2.7574, 3.9967, 102.2611, 4.9608, 0.3748, -0.9271, 126.52, 95.37, 0.3748, -0.9271, -3.7053, 1.4981, 0.3256, 537.0000, 586.7333, 1, 17, 0.6343, 8.5216, 7.8873, 2.8448, 0.6238, 0.3762, 126.52, 95.37, 126.52, 95.37, 0, 0, 0, 1, ok, ok
108.584, 4.2990, 103.4721, 5.5153, 2.5918, 4.2990, 103.4721, 5.5153, 0.5225, -0.8526, 124.21, 93.69, 0.5225, -0.8526, -3.6655, 2.2462, 0.5633, 603.0000, 579.8666, 1, 19, 0.6580, 9.6636, 9.0056, 3.0916, 0.6186, 0.3814, 124.21, 93.69, 124.21, 93.69, 0, 0, 0, 1, ok, ok
109.148, 3.5031, 99.1026, 5.9953, 2.4276, 3.5031, 99.1026, 5.9953, 0.6548, -0.7558, 118.29, 88.02, 0.6548, -0.7558, -2.6475, 2.2939, 0.6453, 558.0000, 605.4333, 1, 18, 2.1433, 9.5550, 7.4117, 2.5597, 0.5305, 0.4695, 118.29, 88.02, 118.29, 88.02, 0, 0, 0, 1, ok, ok
109.752, 4.3605, 102.6138, 5.4394, 2.5840, 4.3605, 102.6138, 5.4394, 0.5292, -0.8485, 124.59, 93.65, 0.5292, -0.8485, -3.7000, 2.3074, 0.5431, 644.0000, 584.7167, 1, 20, 0.6644, 9.6852, 9.0208, 3.1308, 0.5745, 0.4255, 124.59, 93.65, 124.59, 93.65, 0, 0, 0, 1, ok, ok
110.327, 3.5470, 101.0342, 6.1644, 2.6445, 3.5470, 101.0342, 6.1644, 0.4769, -0.8790, 122.16, 91.68, 0.4769, -0.8790, -3.1177, 1.6915, 0.5529, 556.0000, 593.8583, 1, 18, 2.4082, 9.6665, 7.2583, 2.5683, 0.5863, 0.4137, 122.16, 91.68, 122.16, 91.68, 0, 0, 0, 1, ok, ok
111.497, 3.6720, 102.5765, 6.2722, 2.7243, 3.6720, 102.5765, 6.2722, 0.4053, -0.9142, 123.68, 93.21, 0.4053, -0.9142, -3.3568, 1.4884, 0.5197, 604.0000, 584.9292, 1, 19, 2.0845, 9.7252, 7.6407, 2.6480, 0.6043, 0.3957, 123.68, 93.21, 123.68, 93.21, 0, 0, 0, 1, ok, ok
112.067, 3.6707, 0.0000, 6.2796, 2.6670, 0.0000, 0.0000, 0.0000, 0.0000, 1.0000, 123.68, 93.21, 0.4570, -0.8895, -3.2650, 1.6774, 0.4826, 1045.0000, 0.0000, 0, 18, 2.3680, 9.7493, 7.3813, 2.6401, 0.7694, 0.2306, 0.00, 0.00, 0.00, 0.00, 0, 0, 0, 0, ok, rapid_ibi_change
112.662, 3.8295, 0.0000, 6.1291, 1.9705, 0.0000, 0.0000, 0.0000, 0.0000, 1.0000, 123.68, 93.21, 0.9212, -0.3891, -1.4902, 3.5277, 1.1434, 699.0000, 0.0000, 0, 22, 0.6647, 9.7497, 9.0850, 2.9394, 0.5351, 0.4649, 0.00, 0.00, 0.00, 0.00, 0, 0, 0, 0, ok, poor_sine_fit
113.297, 3.2604, 90.9965, 6.6714, 2.4838, 3.2604, 90.9965, 6.6714, 0.6114, -0.7914, 119.97, 86.57, 0.6114, -0.7914, -2.5801, 1.9932, 0.3282, 570.0000, 659.3661, 1, 18, 3.1228, 9.7199, 6.5971, 2.3287, 0.5877, 0.4123, 119.97, 86.57, 119.97, 86.57, 0, 0, 0, 1, ok, ok
113.869, 2.8677, 92.7095, 6.7133, 2.3983, 2.8677, 92.7095, 6.7133, 0.6767, -0.7363, 116.07, 84.37, 0.6767, -0.7363, -2.1114, 1.9406, 0.5953, 599.0000, 647.1831, 1, 19, 3.4387, 9.6193, 6.1806, 2.1134, 0.5659, 0.4341, 116.07, 84.37, 116.07, 84.37, 0, 0, 0, 1, ok, ok
114.437, 4.0779, 98.5074, 5.2532, 2.5219, 4.0779, 98.5074, 5.2532, 0.5808, -0.8140, 123.27, 91.49, 0.5808, -0.8140, -3.3195, 2.3685, 0.5926, 631.0000, 609.0915, 1, 20, 0.6287, 9.3333, 8.7046, 2.9438, 0.5832, 0.4168, 123.27, 91.49, 123.27, 91.49, 0, 0, 0, 1, ok, ok
115.306, 4.1910, 101.9462, 5.4522, 2.5872, 4.1910, 101.9462, 5.4522, 0.5264, -0.8502, 124.07, 93.16, 0.5264, -0.8502, -3.5633, 2.2063, 0.4934, 578.0000, 588.5458, 1, 18, 0.7249, 9.6010, 8.8761, 3.0043, 0.5900, 0.4100, 124.07, 93.16, 124.07, 93.16, 0, 0, 0, 1, ok, ok
115.638, 3.8925, 82.2737, 5.2507, 2.4364, 3.8925, 82.2737, 5.2507, 0.6482, -0.7615, 124.72, 87.09, 0.6482, -0.7615, -2.9642, 2.5230, 0.9135, 564.0000, 729.2729, 1, 18, 0.6961, 9.4045, 8.7085, 2.9001, 0.6011, 0.3989, 124.72, 87.09, 124.72, 87.09, 0, 0, 0, 1, ok, ok
